id,member_number,account_type,balance,opened_date,status
697,MBR00095,savings,3084.34,2012-05-09,active
668,MBR00037,cd,33957.71,2014-05-03,active
64,MBR00330,checking,16791.34,2010-05-25,active
534,MBR00463,money_market,99980.01,2020-08-29,active
67,MBR00465,checking,16199.37,2021-06-20,active
622,MBR00412,savings,60958.32,2006-11-19,frozen
347,MBR00278,savings,58305.88,2011-12-24,closed
491,MBR00034,savings,2822.4,2004-06-06,active
761,MBR00064,checking,4077.37,2020-09-05,active
457,MBR00092,money_market,64388.3,2026-03-24,active
66,MBR00234,checking,13490.08,2019-11-11,frozen
287,MBR00492,checking,15818.71,2023-09-03,closed
636,MBR00099,cd,97702.36,2021-10-28,closed
68,MBR00136,checking,17182.48,2022-12-29,active
328,MBR00499,savings,73135.43,2025-01-05,active
396,MBR00179,savings,44743.85,2006-12-20,active
245,MBR00370,checking,15384.29,2019-10-04,closed
378,MBR00120,money_market,16056.01,2022-04-01,active
611,MBR00304,savings,5192.95,2014-03-22,closed
527,MBR00303,money_market,66714.67,2025-09-21,active
659,MBR00023,cd,73614.15,2009-11-18,closed
530,MBR00238,savings,61740.72,2013-03-27,active
623,MBR00348,savings,73201.07,2019-12-07,closed
722,MBR00379,savings,59445.86,2015-11-24,active
361,MBR00428,checking,6477.0,2017-11-06,closed
31,MBR00268,checking,18902.18,2015-12-28,closed
261,MBR00352,checking,5342.26,2022-04-02,frozen
638,MBR00338,savings,14932.06,2021-12-31,active
747,MBR00218,checking,23240.77,2003-07-21,active
571,MBR00429,money_market,63409.81,2018-01-28,active
216,MBR00233,checking,22987.52,2003-11-01,closed
79,MBR00161,checking,19693.61,2012-02-03,active
579,MBR00050,money_market,143537.09,2024-01-28,active
384,MBR00383,cd,63754.82,2025-01-31,frozen
40,MBR00477,checking,19364.16,2023-04-05,frozen
24,MBR00255,checking,19629.25,2025-02-21,frozen
693,MBR00146,cd,62244.39,2023-11-01,active
399,MBR00103,savings,56951.17,2020-06-15,active
797,MBR00236,cd,57236.89,2025-04-30,active
742,MBR00060,cd,48472.3,2025-06-28,active
140,MBR00134,checking,14733.2,2011-10-01,active
251,MBR00163,checking,23497.4,2018-10-05,active
175,MBR00252,checking,10844.27,2024-07-01,active
324,MBR00160,cd,46904.76,2020-03-12,active
596,MBR00056,savings,32628.39,2025-03-13,closed
526,MBR00499,savings,25883.2,2025-09-01,frozen
424,MBR00461,cd,43576.37,2024-04-24,active
597,MBR00330,cd,71824.63,2005-09-15,active
605,MBR00324,savings,64073.98,2014-04-01,active
535,MBR00273,savings,43555.89,2024-08-01,active
266,MBR00433,checking,20121.78,2007-02-20,closed
110,MBR00333,checking,11624.92,2026-01-28,active
667,MBR00321,money_market,2701.14,2021-07-14,frozen
295,MBR00064,checking,4678.77,2007-04-15,active
337,MBR00306,savings,7166.25,2024-07-13,active
369,MBR00212,money_market,124357.86,2025-05-21,active
447,MBR00354,cd,46894.32,2023-10-18,frozen
334,MBR00112,savings,32845.04,2016-01-26,active
199,MBR00053,checking,4102.38,2005-05-05,frozen
169,MBR00081,checking,20680.2,2017-03-28,closed
482,MBR00006,money_market,40026.58,2007-07-24,active
724,MBR00064,savings,37145.54,2012-09-07,frozen
656,MBR00008,savings,65508.59,2023-07-11,active
307,MBR00384,savings,48144.85,2025-08-11,active
232,MBR00328,checking,20024.02,2008-12-29,active
423,MBR00410,cd,31590.84,2008-03-31,frozen
50,MBR00057,checking,11923.94,2020-10-08,closed
788,MBR00338,money_market,86901.01,2023-12-09,active
358,MBR00240,money_market,55736.59,2023-12-13,frozen
87,MBR00490,checking,21881.7,2016-10-21,active
546,MBR00065,checking,19451.68,2006-06-20,active
193,MBR00256,checking,14483.51,2025-04-08,frozen
796,MBR00059,savings,40612.05,2015-06-10,active
34,MBR00361,checking,4755.72,2004-06-18,active
32,MBR00104,checking,15124.34,2025-10-31,frozen
200,MBR00316,checking,20128.8,2018-07-31,active
366,MBR00086,savings,38099.61,2022-08-01,frozen
487,MBR00070,savings,34816.04,2024-09-27,closed
595,MBR00252,money_market,28820.22,2014-06-09,active
569,MBR00121,savings,39790.47,2024-04-20,active
429,MBR00478,savings,14501.05,2023-11-08,active
138,MBR00416,checking,14507.92,2026-04-07,closed
73,MBR00090,checking,11333.03,2020-04-03,active
78,MBR00347,checking,23208.39,2016-04-10,active
513,MBR00092,savings,44660.34,2026-03-16,frozen
784,MBR00197,savings,28537.07,2023-07-11,active
787,MBR00200,money_market,86406.15,2023-01-27,active
276,MBR00309,checking,18640.37,2015-05-29,active
362,MBR00050,money_market,80920.01,2014-06-06,active
97,MBR00048,checking,16824.96,2012-02-20,active
642,MBR00054,cd,18412.87,2015-10-01,active
716,MBR00428,savings,11201.13,2024-03-15,active
282,MBR00362,checking,8194.75,2021-08-10,closed
394,MBR00127,checking,23303.16,2020-05-03,active
629,MBR00399,checking,14609.02,2004-12-09,active
609,MBR00353,savings,66448.45,2020-07-01,active
706,MBR00431,savings,7389.84,2022-12-07,active
755,MBR00420,money_market,80503.71,2024-04-18,frozen
55,MBR00077,checking,22906.72,2014-06-11,active
751,MBR00472,savings,15401.82,2019-08-13,frozen
156,MBR00498,checking,12964.35,2015-11-13,active
433,MBR00069,money_market,71642.62,2024-04-19,frozen
98,MBR00191,checking,5015.7,2005-03-09,closed
121,MBR00248,checking,9873.21,2015-01-25,closed
77,MBR00411,checking,1233.37,2025-01-28,active
205,MBR00001,checking,16438.76,2021-02-08,active
353,MBR00023,savings,2829.89,2011-11-23,active
765,MBR00209,cd,43368.2,2012-04-22,active
209,MBR00288,checking,4949.19,2015-11-25,closed
368,MBR00463,savings,74765.35,2024-03-11,active
426,MBR00273,checking,9527.93,2025-10-13,active
516,MBR00291,checking,24070.51,2011-05-04,frozen
85,MBR00024,checking,7521.61,2004-05-02,frozen
11,MBR00071,checking,23572.57,2024-01-09,frozen
721,MBR00022,money_market,47327.37,2023-01-17,closed
111,MBR00086,checking,12225.59,2023-12-27,active
522,MBR00237,savings,26471.85,2022-07-03,closed
778,MBR00348,cd,38880.67,2015-09-22,frozen
210,MBR00106,checking,12943.76,2020-11-27,active
236,MBR00271,checking,1993.12,2018-03-12,active
317,MBR00392,savings,55848.05,2024-09-19,active
389,MBR00149,savings,10348.08,2025-12-27,active
119,MBR00214,checking,13834.69,1998-08-10,closed
720,MBR00103,money_market,45195.82,2009-04-03,active
211,MBR00397,checking,16883.21,2009-12-13,active
255,MBR00032,checking,394.32,2012-09-12,active
592,MBR00395,savings,12566.47,2022-12-22,active
30,MBR00488,checking,22796.01,2015-06-06,frozen
267,MBR00189,checking,21422.09,2025-09-21,active
657,MBR00168,savings,66940.79,2014-05-22,closed
663,MBR00068,savings,48749.19,2022-10-08,active
297,MBR00476,checking,23516.89,2019-08-27,frozen
82,MBR00060,checking,11902.29,2025-05-07,closed
689,MBR00336,savings,50106.22,2019-05-12,closed
303,MBR00227,checking,25155.53,2003-12-29,active
507,MBR00077,savings,1636.63,2004-05-26,closed
759,MBR00491,savings,26934.26,2005-08-14,active
315,MBR00128,money_market,97783.64,2014-09-28,active
645,MBR00118,savings,7805.78,2012-09-18,frozen
410,MBR00198,cd,51345.49,2010-09-05,frozen
212,MBR00175,checking,16409.98,2019-12-07,active
533,MBR00032,savings,10849.3,2014-07-17,closed
484,MBR00059,savings,30005.67,2023-04-02,closed
219,MBR00420,checking,15198.45,2008-07-06,active
8,MBR00319,checking,12646.95,2018-05-06,frozen
465,MBR00029,checking,25614.88,2019-03-10,frozen
102,MBR00206,checking,8012.87,2023-05-25,active
327,MBR00099,money_market,124667.18,2023-04-24,active
653,MBR00405,money_market,92700.39,2025-06-26,active
538,MBR00299,money_market,77787.52,2013-06-29,active
641,MBR00172,money_market,114365.18,2024-09-14,active
3,MBR00339,checking,21092.55,2010-08-31,closed
739,MBR00426,money_market,84901.64,2018-08-18,frozen
777,MBR00016,money_market,124971.09,2025-08-25,active
520,MBR00359,money_market,132654.57,2018-02-24,active
590,MBR00151,money_market,13667.84,2024-05-08,active
799,MBR00194,savings,7780.56,2021-02-12,active
745,MBR00418,savings,64332.73,2021-04-07,active
514,MBR00359,money_market,48585.0,2023-05-01,active
671,MBR00318,money_market,10584.72,2025-04-06,frozen
265,MBR00277,checking,20373.35,2011-10-28,frozen
616,MBR00077,savings,5866.49,2023-04-29,frozen
330,MBR00267,cd,47809.73,2025-01-20,frozen
343,MBR00461,savings,33093.75,2018-11-18,active
395,MBR00351,checking,12407.46,2021-02-11,active
80,MBR00219,checking,2253.98,2023-04-24,active
149,MBR00448,checking,18034.37,2017-04-04,active
351,MBR00255,savings,21593.12,2026-01-19,active
383,MBR00179,savings,65153.42,2017-11-27,active
441,MBR00293,savings,48283.84,2025-11-29,frozen
310,MBR00006,savings,56992.86,1998-07-16,active
708,MBR00101,checking,25483.54,2025-12-08,frozen
134,MBR00250,checking,11794.89,2025-02-17,active
382,MBR00414,savings,58619.08,2025-09-26,active
214,MBR00335,checking,16774.58,2023-08-13,active
660,MBR00018,savings,36205.57,2022-07-18,frozen
56,MBR00047,checking,6489.1,2025-06-16,frozen
737,MBR00071,savings,58521.18,2023-09-24,active
621,MBR00059,savings,46364.33,2019-01-07,active
583,MBR00347,cd,32013.71,2023-09-25,active
674,MBR00035,checking,10047.89,2012-07-08,closed
528,MBR00279,savings,50385.59,2018-06-25,frozen
197,MBR00487,checking,5440.01,2004-11-14,active
714,MBR00380,money_market,45073.52,2023-12-17,frozen
690,MBR00432,savings,23154.13,2023-02-24,active
61,MBR00441,checking,8075.79,2014-11-16,active
577,MBR00075,cd,2174.44,2021-08-28,active
632,MBR00355,savings,48167.01,2009-08-12,closed
432,MBR00352,savings,51766.53,2013-04-30,active
604,MBR00063,savings,23060.69,2019-10-27,active
443,MBR00450,savings,29973.03,2006-03-11,frozen
437,MBR00104,savings,13692.33,2025-12-09,active
248,MBR00460,checking,12321.05,2018-12-26,closed
587,MBR00030,cd,64170.21,2022-02-12,frozen
570,MBR00176,cd,59958.87,2015-01-13,active
91,MBR00169,checking,22598.3,2025-11-25,active
651,MBR00144,checking,13966.03,2006-05-10,active
182,MBR00459,checking,6519.34,2023-12-25,active
791,MBR00165,checking,1353.55,2006-07-10,active
555,MBR00041,money_market,80145.19,2025-02-25,active
291,MBR00108,checking,6760.06,2023-05-30,frozen
159,MBR00178,checking,23686.62,2019-04-27,active
70,MBR00026,checking,1923.88,2006-07-28,active
518,MBR00393,savings,71084.9,2024-05-02,active
132,MBR00067,checking,1165.93,2011-11-16,active
45,MBR00121,checking,1797.59,2025-02-06,closed
71,MBR00439,checking,13996.3,2018-03-19,closed
692,MBR00191,money_market,9479.54,2013-09-15,active
356,MBR00026,savings,53979.47,2012-10-29,active
445,MBR00098,savings,66387.62,2011-08-27,active
762,MBR00361,savings,3525.34,2014-01-20,active
136,MBR00211,checking,2670.3,2019-01-05,closed
83,MBR00049,checking,3495.9,2018-05-26,active
166,MBR00028,checking,1814.19,2026-01-12,active
165,MBR00386,checking,23066.56,2015-02-09,closed
29,MBR00135,checking,5156.87,2013-06-22,active
449,MBR00481,checking,12406.78,2020-08-26,active
194,MBR00229,checking,18420.98,2020-02-22,frozen
240,MBR00062,checking,18454.09,2015-02-14,active
725,MBR00331,checking,22941.55,2016-05-12,active
731,MBR00084,savings,31753.79,2015-09-21,active
137,MBR00226,checking,20758.21,2018-11-01,frozen
665,MBR00440,money_market,6100.99,2017-09-13,active
312,MBR00485,savings,1180.38,2021-11-29,active
141,MBR00336,checking,6364.5,2023-08-18,active
474,MBR00271,savings,51804.74,2006-10-14,frozen
7,MBR00139,checking,24535.25,2008-04-30,frozen
729,MBR00295,money_market,26519.97,2013-06-08,active
756,MBR00099,savings,56674.33,2023-09-01,active
74,MBR00463,checking,7978.47,2025-07-07,active
560,MBR00294,savings,26792.13,2025-10-03,active
300,MBR00283,checking,1440.25,2016-05-14,active
146,MBR00296,checking,16122.58,2017-01-16,active
293,MBR00224,checking,21583.88,2025-02-14,active
235,MBR00466,checking,2415.93,2026-04-03,frozen
221,MBR00444,checking,6601.58,2012-02-03,active
451,MBR00452,checking,9722.24,2022-01-14,frozen
381,MBR00420,savings,22879.3,2002-08-22,frozen
133,MBR00380,checking,22702.38,2024-07-13,active
376,MBR00475,savings,3311.35,2025-03-03,active
405,MBR00358,savings,68000.0,2012-02-27,closed
523,MBR00066,checking,24526.59,2023-05-04,active
750,MBR00034,money_market,113796.17,2011-04-07,active
427,MBR00373,money_market,132319.46,2026-03-02,active
42,MBR00353,checking,19768.71,2023-06-11,closed
496,MBR00111,savings,8861.23,2018-02-05,active
109,MBR00499,checking,17021.55,2024-09-10,active
345,MBR00166,savings,62435.54,2017-04-23,closed
57,MBR00400,checking,715.17,2010-03-04,closed
260,MBR00410,checking,9211.51,2014-07-25,active
480,MBR00378,money_market,149850.58,2011-12-10,active
626,MBR00141,money_market,27287.5,2015-11-13,active
228,MBR00349,checking,24034.84,2016-12-03,active
213,MBR00187,checking,24920.75,2024-03-23,active
594,MBR00133,money_market,28744.6,2026-02-21,active
333,MBR00153,savings,4380.52,2004-08-14,frozen
25,MBR00102,checking,17354.11,2026-01-13,active
781,MBR00104,money_market,74811.93,2023-05-04,active
352,MBR00329,checking,15696.02,2018-05-27,active
357,MBR00477,money_market,139439.55,2024-02-22,active
52,MBR00294,checking,11197.11,2023-08-01,frozen
332,MBR00022,savings,19371.8,2025-10-28,frozen
734,MBR00307,savings,24534.21,2026-03-30,active
630,MBR00004,cd,70967.38,2014-04-14,closed
502,MBR00443,checking,9329.44,2018-06-27,active
335,MBR00086,savings,29987.72,2023-08-28,active
286,MBR00154,checking,4272.63,2024-11-04,active
19,MBR00061,checking,18864.49,2020-05-29,active
585,MBR00269,money_market,54348.67,2015-08-01,frozen
749,MBR00304,savings,68185.43,2006-03-08,active
84,MBR00389,checking,7444.96,2023-07-13,frozen
62,MBR00497,checking,4268.13,2007-03-20,closed
463,MBR00004,cd,28533.18,2015-10-01,frozen
292,MBR00382,checking,6854.08,2017-12-03,active
448,MBR00232,money_market,19192.81,2002-05-13,closed
183,MBR00282,checking,14491.88,1998-12-28,active
550,MBR00283,savings,26970.39,2022-06-18,active
501,MBR00068,money_market,70256.84,2019-05-01,frozen
224,MBR00455,checking,12880.84,2023-03-19,active
425,MBR00336,cd,32432.12,2024-09-16,closed
468,MBR00146,savings,34422.67,2026-03-21,closed
320,MBR00319,savings,1944.96,2021-11-13,active
329,MBR00378,savings,55281.55,2008-01-16,active
444,MBR00021,savings,57504.41,2023-11-10,active
494,MBR00362,money_market,42545.87,2020-09-11,active
177,MBR00124,checking,10781.01,2022-01-25,active
677,MBR00165,cd,50853.03,2013-01-20,active
364,MBR00384,money_market,115526.8,2025-07-02,closed
164,MBR00286,checking,4276.27,2012-05-06,frozen
249,MBR00012,checking,10007.2,2019-01-12,closed
519,MBR00441,savings,27576.98,2024-05-23,active
711,MBR00185,checking,25614.12,2014-09-03,active
75,MBR00149,checking,3045.81,2025-09-02,active
644,MBR00304,savings,56157.96,2018-02-22,active
406,MBR00023,savings,21659.01,2014-09-17,frozen
105,MBR00140,checking,20211.72,2020-02-04,active
115,MBR00372,checking,15702.81,2025-03-19,frozen
301,MBR00269,checking,18543.07,2015-02-12,active
93,MBR00225,checking,4107.76,2009-09-25,active
412,MBR00046,savings,72525.96,2010-01-02,closed
90,MBR00088,checking,7686.81,2007-05-22,frozen
529,MBR00477,money_market,19362.62,2026-03-11,closed
735,MBR00424,savings,52498.58,2020-03-26,active
744,MBR00268,savings,23198.98,2014-11-02,frozen
576,MBR00120,money_market,60035.4,2023-08-20,active
498,MBR00410,cd,16253.7,2020-10-27,active
495,MBR00255,savings,62294.58,2019-01-05,active
12,MBR00215,checking,16888.66,2020-11-30,closed
434,MBR00192,cd,49653.11,2025-04-26,active
44,MBR00170,checking,13182.34,2022-01-01,active
43,MBR00247,checking,1914.73,2023-10-23,frozen
168,MBR00437,checking,13115.51,2011-11-22,closed
704,MBR00174,money_market,135275.73,2020-02-24,active
614,MBR00022,checking,24213.11,2024-03-16,frozen
413,MBR00475,checking,7421.76,2025-12-17,closed
179,MBR00143,checking,10694.69,2021-04-12,active
531,MBR00158,checking,3262.34,2017-04-30,closed
540,MBR00001,savings,73412.87,2023-02-10,active
178,MBR00457,checking,8827.89,2024-11-28,frozen
666,MBR00238,cd,41130.68,2004-11-10,active
767,MBR00007,money_market,60964.54,2019-02-09,closed
258,MBR00116,checking,13759.23,2011-06-18,active
766,MBR00459,savings,51095.27,2026-03-11,active
544,MBR00072,savings,63327.91,2023-02-11,active
16,MBR00262,checking,5077.57,2007-04-29,active
4,MBR00052,checking,17825.67,2017-10-16,closed
336,MBR00005,savings,51960.98,2012-01-17,frozen
257,MBR00307,checking,15358.17,2017-06-22,active
581,MBR00131,savings,58099.75,2024-07-08,frozen
446,MBR00237,savings,46178.5,2022-06-24,active
339,MBR00031,savings,11966.92,2005-02-20,closed
479,MBR00001,checking,18763.82,2009-12-27,active
418,MBR00116,savings,29767.07,2010-08-31,active
639,MBR00351,savings,12402.09,2025-06-07,active
715,MBR00497,savings,67283.95,2025-03-13,active
325,MBR00170,money_market,142867.5,2016-09-03,active
458,MBR00374,cd,29589.27,2024-03-08,active
10,MBR00359,checking,14100.78,2019-02-18,closed
250,MBR00432,checking,1448.29,2018-06-09,active
23,MBR00055,checking,14075.64,2024-02-07,active
222,MBR00050,checking,2750.98,2023-07-07,active
548,MBR00044,money_market,63838.68,2023-12-18,active
691,MBR00460,savings,19870.56,2019-09-12,active
785,MBR00019,savings,49626.12,2019-07-25,active
627,MBR00284,savings,69462.83,2022-01-30,active
341,MBR00404,money_market,67211.04,2015-12-08,active
672,MBR00187,checking,10967.73,2024-02-16,closed
204,MBR00318,checking,23274.06,2025-05-26,active
238,MBR00101,checking,4651.33,2026-02-09,frozen
94,MBR00493,checking,4938.72,2014-11-19,active
532,MBR00395,savings,37324.99,2024-02-03,frozen
363,MBR00099,savings,71089.0,2023-04-18,closed
545,MBR00431,savings,74810.48,2025-02-20,frozen
285,MBR00391,checking,15829.63,2016-07-20,active
185,MBR00207,checking,10280.24,2020-11-30,active
650,MBR00104,checking,20766.32,2023-07-29,active
397,MBR00395,savings,26553.87,2012-07-16,active
154,MBR00418,checking,1075.85,2025-09-07,closed
76,MBR00185,checking,18035.11,2025-08-12,active
454,MBR00197,money_market,26085.2,2024-11-26,closed
696,MBR00022,savings,33346.2,2023-03-18,active
278,MBR00471,checking,8669.09,2020-07-18,active
69,MBR00238,checking,17950.02,2019-03-29,active
515,MBR00366,money_market,81189.03,2023-10-18,active
189,MBR00228,checking,24795.79,2010-04-09,active
272,MBR00274,checking,14097.25,2015-06-17,closed
237,MBR00131,checking,7915.43,2019-09-09,active
89,MBR00332,checking,9912.63,2025-10-10,closed
763,MBR00253,savings,34542.46,2007-06-24,frozen
118,MBR00486,checking,19253.09,2017-04-10,active
126,MBR00313,checking,18954.43,2005-06-27,active
661,MBR00421,savings,18418.11,2004-11-21,closed
290,MBR00099,checking,7990.27,2024-01-09,active
239,MBR00097,checking,23263.36,2023-12-14,active
1,MBR00155,checking,3540.68,2011-07-09,closed
792,MBR00179,checking,26740.29,2024-08-14,active
603,MBR00277,checking,28624.66,2011-10-06,active
795,MBR00160,checking,20639.74,2022-04-23,active
466,MBR00296,money_market,51338.89,2024-04-19,active
279,MBR00045,checking,8842.15,2003-10-24,frozen
625,MBR00392,savings,25495.03,2023-06-14,active
117,MBR00082,checking,20334.8,2020-09-25,closed
229,MBR00192,checking,11571.94,2026-01-05,closed
757,MBR00499,cd,92127.24,2024-08-05,frozen
421,MBR00497,cd,33599.19,2012-01-26,closed
435,MBR00084,savings,30939.89,2018-11-14,active
275,MBR00200,checking,20990.4,2022-08-01,active
319,MBR00057,savings,34231.16,2023-02-27,frozen
552,MBR00122,savings,31107.42,2025-03-15,closed
145,MBR00269,checking,4223.58,2023-02-12,active
649,MBR00235,savings,27214.97,2025-08-13,active
736,MBR00050,savings,61836.95,2024-02-22,active
727,MBR00290,cd,63171.61,2022-07-26,active
586,MBR00146,savings,2265.69,2019-04-05,active
370,MBR00312,savings,16437.65,2025-04-24,closed
269,MBR00142,checking,11877.38,2022-01-22,active
568,MBR00338,savings,13567.25,2023-05-03,frozen
308,MBR00466,savings,17421.07,2026-04-05,active
311,MBR00177,savings,1119.62,2018-11-08,active
452,MBR00465,money_market,20722.77,2015-05-21,active
47,MBR00007,checking,2389.44,2015-02-24,active
350,MBR00496,money_market,30505.74,2022-06-18,frozen
372,MBR00492,checking,1039.89,2023-05-25,active
524,MBR00167,money_market,81079.97,2004-08-10,active
262,MBR00130,checking,9370.51,2024-01-18,active
196,MBR00482,checking,17512.85,2025-07-17,active
800,MBR00052,money_market,52055.2,2026-03-31,closed
673,MBR00021,savings,48788.86,2015-03-29,frozen
108,MBR00245,checking,10959.49,2024-07-14,active
60,MBR00371,checking,7481.21,2007-02-01,frozen
600,MBR00478,money_market,41799.38,2022-07-13,frozen
440,MBR00377,money_market,60637.23,2023-04-30,frozen
101,MBR00480,checking,7199.91,2008-01-09,active
478,MBR00453,savings,22141.36,2025-03-28,active
719,MBR00213,savings,53413.4,2026-03-17,active
584,MBR00345,money_market,4264.31,2000-02-17,active
738,MBR00175,checking,4636.65,2018-03-23,active
180,MBR00431,checking,19169.89,2025-10-24,active
305,MBR00240,savings,20794.87,2025-07-08,active
430,MBR00095,money_market,92767.29,2008-05-04,active
508,MBR00287,checking,16275.86,2025-01-14,closed
771,MBR00433,checking,25143.27,2013-03-01,frozen
150,MBR00174,checking,12027.63,2024-04-04,closed
125,MBR00093,checking,24103.61,2024-03-22,closed
635,MBR00322,savings,840.47,2016-07-21,active
698,MBR00177,savings,40720.06,2017-04-18,active
186,MBR00456,checking,10709.18,2021-07-22,closed
542,MBR00303,money_market,107486.61,2025-09-02,active
51,MBR00428,checking,319.21,2025-08-06,frozen
488,MBR00459,savings,61155.41,2023-07-28,frozen
790,MBR00303,money_market,54532.66,2025-08-25,active
486,MBR00473,cd,79928.18,2026-03-27,frozen
322,MBR00138,money_market,109748.29,2016-06-10,active
354,MBR00249,checking,17130.37,2012-04-29,active
740,MBR00426,money_market,107600.7,2022-05-31,frozen
143,MBR00454,checking,19837.17,2019-08-08,closed
371,MBR00475,savings,72143.06,2026-02-20,active
142,MBR00422,checking,10205.47,2023-01-17,active
400,MBR00058,savings,46764.68,2025-06-16,active
264,MBR00453,checking,24483.88,2014-07-06,frozen
321,MBR00497,checking,29169.98,2017-01-22,active
20,MBR00145,checking,20369.25,2023-02-19,active
173,MBR00085,checking,16518.88,2017-11-08,closed
654,MBR00296,cd,9560.96,2017-11-25,closed
313,MBR00409,savings,59859.17,2015-05-13,closed
391,MBR00044,savings,58149.97,2024-09-11,active
746,MBR00353,savings,16133.15,2017-07-10,active
13,MBR00426,checking,21949.18,2019-09-22,active
408,MBR00035,money_market,100289.79,2020-10-07,frozen
409,MBR00185,checking,26022.31,2001-09-05,frozen
306,MBR00070,savings,45020.02,2025-05-21,frozen
355,MBR00337,savings,52747.89,2026-04-10,active
26,MBR00312,checking,9601.41,2026-04-10,active
598,MBR00018,checking,21826.35,2018-08-03,active
170,MBR00259,checking,4517.81,2015-09-06,closed
39,MBR00281,checking,1094.52,2015-03-26,active
176,MBR00165,checking,21883.13,2013-06-14,frozen
246,MBR00287,checking,21215.46,2019-10-01,active
299,MBR00076,checking,2479.29,2009-10-15,active
669,MBR00152,money_market,105463.11,2021-12-05,closed
417,MBR00456,cd,94469.53,2025-04-04,active
549,MBR00458,money_market,69523.17,2022-09-27,active
273,MBR00324,checking,10020.21,2013-04-14,frozen
612,MBR00330,savings,72389.06,2014-09-29,active
155,MBR00222,checking,1492.21,2025-08-15,active
127,MBR00195,checking,4064.64,2023-08-15,closed
450,MBR00013,savings,67298.0,2021-03-07,active
572,MBR00122,savings,47999.31,2024-08-17,active
342,MBR00011,savings,54467.74,2022-06-20,active
431,MBR00311,money_market,90463.2,2023-04-06,active
288,MBR00464,checking,21237.63,2014-11-23,active
114,MBR00357,checking,4991.16,2025-08-01,frozen
500,MBR00074,money_market,140858.52,2000-08-12,frozen
174,MBR00442,checking,22434.53,2015-01-22,frozen
360,MBR00422,savings,3528.66,2024-03-03,active
483,MBR00158,savings,24632.33,2014-12-17,active
58,MBR00485,checking,19285.31,2023-05-29,closed
553,MBR00296,checking,1135.95,2013-09-25,active
223,MBR00114,checking,7426.87,2017-01-06,active
281,MBR00209,checking,13507.11,2020-05-07,active
18,MBR00317,checking,17295.81,2013-02-15,active
128,MBR00409,checking,16519.39,2021-06-26,active
323,MBR00047,checking,6515.64,2025-02-16,active
256,MBR00345,checking,14567.1,2016-10-08,active
539,MBR00437,checking,27032.27,2016-01-04,active
471,MBR00034,savings,9590.73,2010-11-13,active
599,MBR00010,savings,49138.47,2024-12-16,active
469,MBR00185,checking,8978.83,1998-06-13,active
769,MBR00356,cd,74401.78,2025-11-07,active
191,MBR00230,checking,12113.45,2023-09-10,active
116,MBR00031,checking,22313.42,2005-11-03,closed
517,MBR00240,savings,51493.61,2008-03-01,frozen
710,MBR00163,money_market,141651.82,2024-05-12,frozen
536,MBR00106,cd,30673.8,2024-09-27,frozen
95,MBR00138,checking,21299.55,2014-11-09,closed
181,MBR00260,checking,14997.48,2013-11-25,closed
302,MBR00336,savings,18931.04,2020-10-13,active
617,MBR00073,money_market,72004.9,2025-09-08,closed
582,MBR00124,savings,15021.96,2025-04-03,active
591,MBR00473,money_market,104602.67,2026-02-03,frozen
732,MBR00025,savings,48101.52,2011-10-08,active
559,MBR00399,savings,38693.4,1998-05-07,active
709,MBR00344,cd,40047.94,2006-05-19,active
543,MBR00196,savings,49855.32,2021-10-19,active
6,MBR00267,checking,7335.43,2025-04-30,active
786,MBR00453,savings,10519.37,2015-04-02,frozen
46,MBR00002,checking,10456.69,2003-06-27,closed
726,MBR00497,savings,27451.08,2006-07-23,active
158,MBR00458,checking,21974.87,2004-06-24,frozen
606,MBR00042,savings,57604.85,2026-01-30,frozen
172,MBR00254,checking,18834.34,2022-08-13,active
17,MBR00369,checking,17116.42,2015-12-11,active
512,MBR00026,savings,6915.91,2006-12-26,active
49,MBR00046,checking,7410.0,2017-10-29,closed
775,MBR00262,checking,13639.04,2012-04-23,active
758,MBR00244,money_market,29806.05,2014-05-10,frozen
481,MBR00024,savings,60550.24,2012-11-04,active
284,MBR00100,checking,9588.67,2024-11-04,active
537,MBR00156,money_market,137479.89,2021-11-12,active
226,MBR00182,checking,17385.38,2024-07-15,active
27,MBR00103,checking,24397.99,2022-10-05,active
631,MBR00455,savings,60652.18,2011-07-27,active
438,MBR00444,savings,24704.72,2025-10-28,active
365,MBR00184,savings,50060.56,2025-10-22,active
230,MBR00478,checking,12101.06,2022-06-22,active
38,MBR00021,checking,240.56,2010-04-13,active
780,MBR00339,savings,37167.97,2020-10-26,active
375,MBR00012,cd,51615.88,2018-12-08,closed
470,MBR00460,money_market,114370.19,2021-04-28,closed
772,MBR00256,money_market,115480.89,2025-03-10,closed
683,MBR00056,savings,52432.62,2025-04-03,active
695,MBR00355,money_market,26285.07,2021-09-17,active
195,MBR00162,checking,18720.57,2021-12-21,active
685,MBR00151,cd,54602.06,2024-01-26,active
694,MBR00365,savings,13564.27,2021-03-12,frozen
504,MBR00053,checking,22754.81,2017-01-09,frozen
774,MBR00183,money_market,142645.48,2021-06-16,active
670,MBR00278,money_market,118684.55,2021-04-25,active
773,MBR00140,money_market,97465.1,2024-06-27,active
163,MBR00446,checking,15617.97,2010-05-17,closed
752,MBR00180,checking,25375.85,2006-04-03,active
153,MBR00483,checking,14849.46,2025-12-09,active
558,MBR00040,money_market,135778.83,2021-08-30,closed
573,MBR00296,money_market,10513.05,2021-12-21,active
676,MBR00447,savings,56003.75,2024-07-14,active
112,MBR00058,checking,16174.23,2025-08-17,active
227,MBR00150,checking,12142.38,2016-11-01,active
793,MBR00195,savings,74399.94,2019-09-16,active
104,MBR00435,checking,3894.63,2024-06-20,closed
422,MBR00068,money_market,88202.03,2019-05-14,frozen
420,MBR00352,savings,43180.94,2017-11-05,active
120,MBR00303,checking,11855.39,2025-11-16,active
54,MBR00253,checking,17095.53,2004-01-29,active
152,MBR00470,checking,6167.39,1998-08-04,active
404,MBR00281,money_market,148864.56,2022-08-04,frozen
754,MBR00400,savings,42982.53,2024-12-24,active
208,MBR00261,checking,21279.13,2011-10-25,closed
678,MBR00142,checking,10356.8,2021-07-11,active
619,MBR00324,cd,82253.18,2013-05-03,active
9,MBR00311,checking,8127.3,2024-01-17,active
652,MBR00088,savings,22489.53,2018-12-25,active
37,MBR00083,checking,3338.66,2007-06-03,closed
453,MBR00362,money_market,15082.72,2023-09-21,frozen
254,MBR00151,checking,13003.31,2025-08-25,active
304,MBR00018,savings,68687.79,2025-03-18,active
607,MBR00104,savings,72579.72,2022-09-06,frozen
580,MBR00313,savings,20398.04,2010-04-11,active
588,MBR00491,checking,18140.57,2006-03-09,active
263,MBR00035,checking,11323.15,2015-11-17,closed
298,MBR00424,checking,5343.23,2015-04-11,active
415,MBR00178,savings,23023.3,2020-11-07,closed
151,MBR00266,checking,16216.75,2008-03-18,active
637,MBR00186,savings,35084.09,2025-12-22,frozen
713,MBR00229,checking,21835.6,2023-10-18,active
551,MBR00218,checking,14944.71,2025-08-29,frozen
489,MBR00029,savings,51025.72,2016-12-16,closed
148,MBR00115,checking,16561.63,2005-05-24,active
147,MBR00290,checking,4753.95,2009-09-29,active
589,MBR00337,cd,69869.71,2026-03-21,active
743,MBR00354,checking,13258.14,2022-12-06,closed
602,MBR00245,savings,54718.67,2022-03-29,active
349,MBR00398,savings,54214.77,2020-12-18,frozen
464,MBR00286,money_market,9715.52,2024-10-22,active
326,MBR00137,savings,40967.8,2026-04-03,active
187,MBR00041,checking,6606.44,2025-06-19,closed
124,MBR00408,checking,363.73,2016-09-17,active
684,MBR00078,savings,71431.81,2023-07-26,active
144,MBR00378,checking,12595.74,2007-06-10,active
764,MBR00160,cd,44951.63,2024-06-05,closed
198,MBR00010,checking,8527.1,2022-06-25,closed
280,MBR00188,checking,14463.66,2011-01-16,frozen
294,MBR00196,checking,24141.6,2025-08-24,active
401,MBR00445,checking,20813.86,2009-05-27,active
123,MBR00348,checking,2354.8,2021-02-23,active
184,MBR00194,checking,9438.24,2003-12-07,active
203,MBR00337,checking,2092.99,2026-04-02,active
439,MBR00455,savings,58328.0,2010-09-27,closed
247,MBR00387,checking,7953.88,2026-04-10,closed
416,MBR00142,checking,7730.38,2025-10-09,active
712,MBR00198,checking,10347.61,2013-11-09,active
130,MBR00015,checking,5548.6,2021-12-23,active
403,MBR00276,savings,39483.31,2008-05-24,active
633,MBR00231,savings,13503.9,2018-02-11,frozen
624,MBR00280,savings,72369.58,2014-07-26,active
728,MBR00499,money_market,57547.33,2026-04-06,frozen
220,MBR00232,checking,23249.87,2018-09-15,closed
730,MBR00075,savings,52149.59,2019-04-18,active
610,MBR00377,checking,5792.78,2019-01-17,frozen
733,MBR00264,money_market,29529.01,2025-08-15,active
618,MBR00024,money_market,21754.32,2008-10-04,active
387,MBR00026,money_market,60450.2,2019-09-20,active
776,MBR00129,savings,47313.64,2025-01-30,active
510,MBR00294,savings,23697.63,2023-01-06,active
268,MBR00013,checking,20020.93,2020-10-23,frozen
782,MBR00278,money_market,82228.03,2010-12-04,active
442,MBR00403,savings,34144.91,2005-12-07,active
497,MBR00399,cd,44933.64,2006-12-06,active
113,MBR00068,checking,21481.97,2021-01-08,active
233,MBR00447,checking,12960.96,2020-08-12,active
699,MBR00274,checking,747.76,2016-08-05,active
608,MBR00098,money_market,134727.95,2011-10-29,frozen
374,MBR00004,cd,22267.46,2016-12-30,active
234,MBR00072,checking,20821.21,2025-12-27,active
634,MBR00020,savings,37741.63,2024-08-27,active
318,MBR00212,cd,19058.31,2022-02-26,active
411,MBR00051,savings,65074.57,2025-04-09,closed
718,MBR00388,checking,12283.82,2025-01-13,active
359,MBR00481,money_market,119651.81,2014-10-19,active
259,MBR00118,checking,11836.5,2016-04-14,closed
628,MBR00069,money_market,95748.71,2006-04-01,active
283,MBR00027,checking,19391.13,2025-05-29,active
377,MBR00080,savings,66777.09,2006-01-21,active
385,MBR00196,savings,3568.08,2004-09-14,closed
225,MBR00289,checking,20347.37,2023-12-30,closed
760,MBR00218,savings,30864.56,2008-02-25,active
658,MBR00485,cd,89926.93,2008-04-23,active
473,MBR00314,checking,21891.86,2017-04-29,frozen
348,MBR00195,cd,62353.73,2020-09-11,active
506,MBR00273,money_market,101490.8,2024-08-29,active
640,MBR00028,savings,16114.44,2026-02-09,active
789,MBR00288,savings,29658.17,2010-01-30,active
741,MBR00388,checking,13814.74,2026-03-26,active
723,MBR00135,cd,83590.06,2014-07-27,active
620,MBR00234,savings,44532.67,2024-05-29,active
686,MBR00243,savings,55459.34,2016-01-18,active
646,MBR00212,savings,66906.7,2025-12-23,active
679,MBR00257,money_market,71849.17,2024-06-03,closed
557,MBR00126,money_market,100401.2,2025-12-16,frozen
578,MBR00196,cd,68604.75,2016-06-09,active
86,MBR00005,checking,9390.95,2025-08-19,active
243,MBR00235,checking,8965.08,2023-05-07,active
160,MBR00413,checking,15202.49,2019-05-05,active
525,MBR00303,savings,18654.98,2025-09-12,active
36,MBR00152,checking,10769.84,2004-08-24,closed
541,MBR00441,cd,24288.88,2016-11-19,frozen
171,MBR00241,checking,21956.04,2015-08-05,closed
655,MBR00251,savings,62855.68,2016-04-03,active
688,MBR00428,money_market,63224.53,2022-09-08,active
680,MBR00348,savings,22273.69,2024-09-05,closed
753,MBR00486,savings,12461.52,2021-03-11,closed
96,MBR00376,checking,16152.4,2025-12-09,active
564,MBR00415,money_market,44805.31,2020-11-06,active
241,MBR00202,checking,6127.21,2023-06-26,active
575,MBR00155,money_market,113483.11,2019-03-18,closed
461,MBR00312,savings,16657.1,2026-03-18,frozen
554,MBR00361,checking,14445.99,2017-08-27,frozen
705,MBR00348,checking,743.87,2021-08-08,closed
207,MBR00156,checking,12409.77,2024-03-03,active
393,MBR00334,savings,74782.37,2018-11-23,closed
398,MBR00320,savings,69353.88,2022-01-06,active
681,MBR00189,savings,66356.43,2023-09-01,active
218,MBR00243,checking,8752.13,2016-02-10,active
5,MBR00340,checking,5102.14,2019-07-17,closed
643,MBR00249,checking,7058.99,2008-12-08,active
717,MBR00244,savings,25488.55,2025-08-04,closed
613,MBR00495,checking,1681.63,2008-09-28,frozen
547,MBR00370,money_market,146308.82,2019-06-29,active
99,MBR00176,checking,23793.34,2024-01-26,active
574,MBR00387,checking,13920.45,2024-11-09,active
407,MBR00317,checking,19642.74,2017-10-26,active
503,MBR00352,cd,33995.69,2026-01-27,active
48,MBR00344,checking,16617.03,2012-01-12,active
33,MBR00184,checking,7425.03,2024-06-17,active
201,MBR00212,checking,23153.96,2023-09-29,active
135,MBR00429,checking,1093.63,2007-12-30,frozen
28,MBR00399,checking,1439.67,2022-08-19,frozen
707,MBR00312,savings,39719.32,2025-11-15,active
231,MBR00363,checking,9628.56,1999-06-30,active
490,MBR00275,savings,51569.25,2008-08-26,active
379,MBR00292,money_market,109228.13,2015-05-28,active
289,MBR00239,checking,4133.79,2015-06-18,active
419,MBR00045,savings,51010.62,2015-07-09,frozen
675,MBR00059,savings,70466.52,2022-06-04,closed
392,MBR00391,savings,15259.09,2001-10-18,active
593,MBR00142,checking,11657.71,2025-07-30,active
499,MBR00473,money_market,79735.12,2026-03-28,active
139,MBR00033,checking,9478.82,2025-03-06,active
63,MBR00132,checking,282.53,2020-07-05,active
472,MBR00169,savings,16133.48,2024-09-12,active
648,MBR00111,savings,29356.11,2019-12-28,active
129,MBR00314,checking,18326.91,2024-12-04,active
779,MBR00168,savings,46930.83,2008-01-28,active
521,MBR00250,checking,3386.61,2023-02-15,active
65,MBR00119,checking,17166.59,2025-11-11,active
15,MBR00054,checking,3718.64,2023-02-12,frozen
157,MBR00128,checking,24234.17,2024-07-09,frozen
41,MBR00107,checking,21094.19,2024-04-19,active
493,MBR00096,checking,23470.32,2024-08-17,active
380,MBR00089,money_market,104215.28,2020-07-29,closed
188,MBR00236,checking,14160.29,2024-09-02,closed
217,MBR00323,checking,18180.85,2011-03-19,closed
53,MBR00343,checking,22973.32,2025-12-18,active
338,MBR00256,money_market,52417.26,2024-08-30,frozen
296,MBR00414,checking,18221.53,2005-06-30,frozen
702,MBR00152,cd,96990.95,2024-01-31,closed
252,MBR00489,checking,8747.5,2021-03-01,frozen
462,MBR00244,savings,6415.67,2016-04-24,closed
456,MBR00447,cd,17050.29,2024-01-19,active
798,MBR00137,money_market,89228.41,2009-04-25,active
270,MBR00331,checking,10595.86,2014-11-01,active
202,MBR00019,checking,1695.6,2020-03-08,active
162,MBR00395,checking,3653.53,2019-03-07,closed
556,MBR00239,checking,26697.46,2025-04-12,active
402,MBR00157,savings,25224.82,2020-11-05,frozen
703,MBR00342,money_market,109960.21,2022-08-24,active
477,MBR00267,money_market,75144.41,2025-05-30,active
106,MBR00198,checking,220.31,2009-04-11,active
566,MBR00068,savings,19643.2,2021-01-11,frozen
390,MBR00244,money_market,83352.48,2018-12-14,active
2,MBR00216,checking,22172.28,2022-12-15,closed
768,MBR00338,checking,4301.03,2024-08-16,active
562,MBR00156,money_market,40915.36,2025-02-21,frozen
81,MBR00379,checking,9938.32,2014-01-21,frozen
206,MBR00445,checking,1530.83,2023-04-19,active
35,MBR00210,checking,12894.79,2025-12-31,active
509,MBR00164,checking,21130.61,2011-02-20,active
428,MBR00493,savings,56047.92,2021-12-29,frozen
455,MBR00195,money_market,137057.28,2019-02-09,closed
367,MBR00081,cd,44858.2,2022-05-11,active
92,MBR00468,checking,10375.1,2020-07-17,frozen
340,MBR00406,checking,6980.24,2010-06-27,closed
565,MBR00065,checking,23512.88,2023-02-14,active
346,MBR00083,savings,33979.12,1998-08-28,active
242,MBR00111,checking,5807.27,2010-12-16,active
14,MBR00461,checking,13115.98,2018-08-01,active
316,MBR00113,checking,18759.69,2010-01-11,closed
601,MBR00169,savings,38896.03,2023-12-09,active
388,MBR00386,savings,7211.18,2020-10-08,active
274,MBR00264,checking,1594.91,2025-07-30,active
167,MBR00006,checking,3392.11,2015-10-29,active
794,MBR00180,money_market,39023.05,2006-11-12,frozen
647,MBR00242,savings,66841.42,2023-08-13,active
485,MBR00316,money_market,31117.3,2018-11-06,active
783,MBR00488,cd,88132.44,2011-01-29,active
505,MBR00457,savings,14844.65,2022-12-27,active
244,MBR00098,checking,23012.68,2007-10-24,frozen
567,MBR00058,savings,44586.87,2026-03-25,active
563,MBR00243,savings,49395.83,2008-01-30,active
687,MBR00150,checking,26153.81,2008-06-11,active
190,MBR00449,checking,5171.97,2022-08-02,closed
700,MBR00394,cd,92853.32,2015-10-14,active
476,MBR00295,cd,61814.71,2020-12-23,active
682,MBR00042,cd,29548.9,2015-12-24,active
511,MBR00277,checking,869.78,2016-08-24,frozen
59,MBR00039,checking,12767.52,2024-11-25,active
475,MBR00148,money_market,49182.06,2025-02-13,closed
561,MBR00149,checking,27685.94,2024-04-02,frozen
748,MBR00022,checking,23791.66,2021-11-11,closed
253,MBR00173,checking,4452.53,2023-11-12,active
22,MBR00402,checking,21634.55,2022-06-18,frozen
314,MBR00192,savings,42261.3,2025-04-28,active
460,MBR00007,savings,37648.85,2017-08-17,active
161,MBR00329,checking,4347.11,2021-12-24,active
277,MBR00342,checking,9071.63,2023-11-05,closed
192,MBR00452,checking,13917.29,2023-03-18,active
386,MBR00290,savings,52483.76,2009-09-18,active
414,MBR00157,savings,55957.11,2015-08-16,active
492,MBR00321,money_market,86719.79,2022-04-27,active
344,MBR00278,savings,14403.69,2017-06-30,active
770,MBR00034,cd,34524.53,2014-01-18,closed
309,MBR00227,savings,19855.62,2012-02-18,active
662,MBR00386,money_market,62476.17,2007-09-13,active
131,MBR00351,checking,1665.24,2022-09-17,active
664,MBR00009,money_market,26365.92,2025-01-05,active
100,MBR00094,checking,16815.26,2021-04-05,active
373,MBR00306,savings,74509.19,2024-02-22,active
88,MBR00496,checking,1140.15,2013-02-19,closed
459,MBR00061,cd,1349.76,2019-08-06,active
331,MBR00493,cd,16702.53,2017-07-19,frozen
215,MBR00407,checking,12991.79,2012-09-30,frozen
467,MBR00026,savings,13779.51,2007-01-20,frozen
122,MBR00292,checking,3433.64,2017-01-19,closed
615,MBR00268,cd,87149.8,2020-01-20,closed
21,MBR00059,checking,21714.08,2021-09-08,frozen
701,MBR00003,cd,33796.78,2026-01-25,frozen
72,MBR00417,checking,22783.57,2016-01-23,active
107,MBR00354,checking,5615.99,2025-04-21,frozen
271,MBR00249,checking,19654.79,2017-11-22,active
436,MBR00474,cd,23032.87,2025-10-11,frozen
103,MBR00205,checking,15446.93,2018-10-20,active
