id,member_number,loan_type,original_balance,current_balance,interest_rate,origination_date,maturity_date,status
1,MBR00416,personal,32561.69,25946.93,0.0829,2026-04-10,2030-04-10,delinquent
2,MBR00392,personal,10050.9,1443.94,0.1119,2025-08-12,2029-08-12,current
3,MBR00342,heloc,77912.14,46083.15,0.0634,2022-10-31,2042-10-31,current
4,MBR00174,auto,19398.97,12228.38,0.0624,2021-09-03,2028-09-03,current
5,MBR00086,mortgage,85366.53,26732.32,0.0648,2025-01-07,2044-01-07,current
6,MBR00315,personal,26027.54,24498.36,0.0779,2019-10-25,2022-10-25,charged_off
7,MBR00154,mortgage,202117.55,66538.81,0.0698,2025-08-22,2051-08-22,current
8,MBR00187,personal,28535.0,17664.94,0.0978,2025-09-20,2026-09-20,delinquent
9,MBR00224,personal,5496.1,4065.51,0.0744,2021-10-01,2026-10-01,current
10,MBR00104,heloc,220695.22,103633.22,0.0589,2025-09-03,2037-09-03,current
11,MBR00255,auto,7428.92,1873.4,0.0649,2019-12-26,2023-12-26,charged_off
12,MBR00326,heloc,77902.12,37628.85,0.0825,2024-12-03,2038-12-03,current
13,MBR00434,auto,45527.81,20229.16,0.0781,2004-06-15,2010-06-15,charged_off
14,MBR00404,heloc,162796.53,153913.18,0.0573,2007-01-09,2024-01-09,charged_off
15,MBR00039,auto,30863.61,27282.69,0.0752,2016-09-07,2020-09-07,charged_off
16,MBR00431,personal,17826.97,9666.5,0.1091,2025-11-26,2029-11-26,current
17,MBR00436,personal,6033.83,4943.79,0.0802,2014-11-28,2017-11-28,charged_off
18,MBR00275,auto,32980.58,13664.6,0.0681,2023-02-08,2028-02-08,current
19,MBR00110,heloc,136243.7,102706.3,0.063,2009-08-26,2028-08-26,current
20,MBR00148,auto,23076.18,20261.1,0.074,2025-10-30,2030-10-30,current
21,MBR00136,heloc,35456.78,19138.39,0.0618,2008-01-23,2023-01-23,charged_off
22,MBR00025,personal,17315.07,11611.02,0.1353,2005-05-25,2008-05-25,charged_off
23,MBR00153,auto,39230.07,34156.83,0.0561,2021-03-28,2027-03-28,current
24,MBR00294,personal,10620.44,510.84,0.1517,2024-09-16,2025-09-16,charged_off
25,MBR00206,mortgage,287406.42,261773.13,0.0395,2024-07-18,2044-07-18,current
26,MBR00412,auto,47872.09,42098.62,0.0723,2004-09-15,2009-09-15,charged_off
27,MBR00116,mortgage,304826.38,264806.74,0.066,2020-10-18,2044-10-18,current
28,MBR00320,personal,18430.21,9649.33,0.1189,2024-09-24,2028-09-24,current
29,MBR00381,mortgage,473375.13,174823.94,0.0545,2023-09-06,2049-09-06,current
30,MBR00048,mortgage,586101.33,495214.77,0.0558,2021-08-16,2043-08-16,current
31,MBR00368,mortgage,352832.45,32740.13,0.0486,2006-01-16,2030-01-16,current
32,MBR00433,auto,12028.44,6883.49,0.082,2018-06-30,2023-06-30,charged_off
33,MBR00297,mortgage,366517.05,210779.0,0.0504,2026-01-16,2042-01-16,current
34,MBR00049,personal,20328.26,4703.01,0.109,2015-04-20,2018-04-20,charged_off
35,MBR00304,auto,45728.39,7183.48,0.0489,2011-09-12,2017-09-12,charged_off
36,MBR00173,auto,27893.84,15202.19,0.0556,2022-09-13,2027-09-13,current
37,MBR00140,mortgage,217838.68,55106.8,0.0383,2016-11-19,2036-11-19,current
38,MBR00035,personal,4615.24,4076.74,0.0719,2021-01-18,2026-01-18,charged_off
39,MBR00291,auto,31241.59,12437.67,0.0833,2025-01-27,2031-01-27,current
40,MBR00411,mortgage,586439.38,114566.37,0.0575,2016-07-11,2042-07-11,current
41,MBR00272,auto,15494.11,2184.48,0.0747,2012-03-15,2015-03-15,charged_off
42,MBR00244,auto,40674.28,5768.05,0.0617,2020-03-05,2024-03-05,charged_off
43,MBR00219,mortgage,124768.64,122046.58,0.0358,2019-03-04,2048-03-04,current
44,MBR00108,auto,43642.9,18101.93,0.0635,2017-07-23,2023-07-23,charged_off
45,MBR00178,auto,36318.68,32590.08,0.0424,2013-02-19,2019-02-19,charged_off
46,MBR00408,personal,15680.79,6606.92,0.1632,2021-12-25,2025-12-25,charged_off
47,MBR00040,personal,34966.9,17016.44,0.1235,2025-07-23,2026-07-23,current
48,MBR00334,heloc,227217.55,107176.52,0.0653,2015-11-10,2032-11-10,current
49,MBR00422,mortgage,113025.5,57101.75,0.0655,2018-07-25,2046-07-25,delinquent
50,MBR00155,mortgage,442707.51,357618.55,0.0364,2024-10-25,2039-10-25,current
51,MBR00259,auto,17083.63,14842.97,0.086,2024-01-11,2029-01-11,current
52,MBR00475,personal,33633.31,12718.69,0.1575,2022-11-15,2025-11-15,charged_off
53,MBR00494,auto,46208.99,38985.87,0.0464,2026-02-21,2032-02-21,current
54,MBR00222,personal,33063.86,14652.89,0.1033,2025-09-16,2029-09-16,delinquent
55,MBR00340,mortgage,215620.16,208726.78,0.0369,2025-12-16,2045-12-16,current
56,MBR00277,mortgage,401132.72,297711.82,0.0524,2017-08-09,2035-08-09,current
57,MBR00161,mortgage,104271.71,41261.41,0.0658,2022-03-18,2045-03-18,current
58,MBR00103,auto,57044.73,50716.71,0.088,2022-01-13,2028-01-13,current
59,MBR00213,mortgage,486721.25,239804.77,0.0628,2026-03-13,2044-03-13,current
60,MBR00476,auto,16296.24,4755.84,0.0478,2020-07-24,2025-07-24,charged_off
61,MBR00129,personal,17945.29,11940.66,0.0869,2024-05-17,2025-05-17,charged_off
62,MBR00473,auto,51672.73,38996.58,0.0884,2025-11-26,2031-11-26,current
63,MBR00264,mortgage,342611.82,219051.13,0.0405,2025-12-06,2042-12-06,current
64,MBR00233,auto,46442.89,9206.44,0.0793,2006-12-11,2012-12-11,charged_off
65,MBR00344,mortgage,292840.85,60147.36,0.068,2025-08-12,2054-08-12,current
66,MBR00391,auto,13007.14,733.05,0.0758,2018-12-15,2021-12-15,charged_off
67,MBR00281,auto,22314.25,5373.44,0.0616,2020-07-30,2024-07-30,charged_off
68,MBR00093,personal,22809.84,455.12,0.0763,2019-05-16,2024-05-16,charged_off
69,MBR00010,personal,30777.65,9822.05,0.116,2024-09-19,2027-09-19,current
70,MBR00322,mortgage,466202.7,46523.06,0.0302,2015-08-05,2041-08-05,current
71,MBR00361,auto,27216.59,8233.81,0.0843,2020-12-15,2024-12-15,charged_off
72,MBR00265,personal,27573.15,25249.26,0.1552,2010-05-31,2014-05-31,charged_off
73,MBR00096,mortgage,282796.64,202502.8,0.0507,2022-03-10,2041-03-10,current
74,MBR00296,mortgage,351094.65,71413.11,0.0308,2025-06-21,2045-06-21,current
75,MBR00256,auto,47578.68,12751.74,0.0892,2024-09-19,2030-09-19,current
76,MBR00482,auto,32912.47,1930.55,0.0423,2024-10-20,2027-10-20,current
77,MBR00339,mortgage,82710.97,21028.6,0.0692,2022-01-09,2047-01-09,current
78,MBR00452,personal,32876.34,21358.54,0.1628,2019-07-24,2024-07-24,charged_off
79,MBR00472,auto,48163.41,23134.49,0.0735,2023-06-24,2030-06-24,current
80,MBR00240,mortgage,382831.9,110393.25,0.0481,2009-04-09,2035-04-09,current
81,MBR00138,auto,8420.65,7763.23,0.0637,2023-08-23,2027-08-23,current
82,MBR00327,mortgage,370663.59,134750.62,0.0648,2025-09-15,2052-09-15,delinquent
83,MBR00273,personal,33225.88,16420.7,0.1605,2024-03-03,2028-03-03,current
84,MBR00415,mortgage,583376.54,307232.01,0.0577,2014-07-11,2032-07-11,current
85,MBR00495,heloc,98639.69,87756.17,0.082,2017-07-16,2028-07-16,current
86,MBR00394,auto,33752.76,23516.9,0.0585,2020-12-03,2023-12-03,charged_off
87,MBR00223,mortgage,491425.92,467517.53,0.0613,2015-05-16,2034-05-16,current
88,MBR00290,personal,8329.77,7766.97,0.0701,2018-08-24,2022-08-24,charged_off
89,MBR00373,auto,31464.7,6879.78,0.0682,2026-03-22,2031-03-22,current
90,MBR00321,personal,21594.13,5146.34,0.1254,2021-06-30,2023-06-30,charged_off
91,MBR00031,personal,6065.41,3716.67,0.0797,2020-10-31,2023-10-31,charged_off
92,MBR00268,heloc,91359.49,24126.87,0.098,2019-05-15,2029-05-15,current
93,MBR00443,personal,25045.09,10993.68,0.1392,2008-11-28,2013-11-28,charged_off
94,MBR00493,auto,35764.41,1527.4,0.0877,2005-12-02,2009-12-02,charged_off
95,MBR00237,mortgage,470290.46,385758.85,0.0347,2024-07-12,2039-07-12,current
96,MBR00076,personal,9339.75,4356.58,0.1188,2025-07-30,2030-07-30,current
97,MBR00124,mortgage,335565.98,196327.43,0.0435,2014-03-26,2029-03-26,current
98,MBR00078,mortgage,213732.45,177792.06,0.0691,2016-02-04,2034-02-04,current
99,MBR00383,auto,9929.57,9344.58,0.0875,2005-08-28,2010-08-28,charged_off
100,MBR00351,heloc,53549.88,36411.7,0.0683,2021-03-21,2031-03-21,current
101,MBR00499,mortgage,275266.84,68229.36,0.032,2024-12-27,2042-12-27,current
102,MBR00448,mortgage,471242.79,442670.41,0.0679,2015-11-22,2042-11-22,current
103,MBR00414,mortgage,331769.19,242470.28,0.0552,2000-09-21,2028-09-21,delinquent
104,MBR00211,personal,9374.75,6519.08,0.1416,2014-07-24,2019-07-24,charged_off
105,MBR00164,mortgage,123632.34,77479.74,0.0612,2008-04-02,2029-04-02,delinquent
106,MBR00033,personal,19276.21,10568.34,0.1756,2026-03-31,2030-03-31,current
107,MBR00325,mortgage,511273.33,510995.74,0.056,2004-11-30,2028-11-30,delinquent
108,MBR00105,mortgage,390891.23,162157.64,0.0699,2017-10-28,2044-10-28,current
109,MBR00212,auto,45655.06,27607.39,0.0434,2021-08-08,2028-08-08,current
110,MBR00137,auto,35606.35,13870.62,0.0838,2013-08-02,2018-08-02,charged_off
111,MBR00147,heloc,86392.95,63813.24,0.0974,2018-12-28,2038-12-28,current
112,MBR00331,mortgage,207882.71,8524.71,0.0436,2021-03-09,2046-03-09,current
113,MBR00083,heloc,42094.18,4148.59,0.0823,1995-10-05,2005-10-05,charged_off
114,MBR00132,personal,15047.54,13826.45,0.1538,2020-08-14,2024-08-14,charged_off
115,MBR00352,personal,23143.06,7585.23,0.0733,2022-09-23,2027-09-23,current
116,MBR00308,personal,29133.87,6760.05,0.1124,2025-07-08,2028-07-08,current
117,MBR00121,auto,30448.09,7820.76,0.0621,2018-05-24,2022-05-24,charged_off
118,MBR00208,personal,24138.85,4624.65,0.091,2025-01-16,2028-01-16,current
119,MBR00123,heloc,242151.16,191520.66,0.0675,2025-05-22,2035-05-22,current
120,MBR00059,personal,14466.93,12000.65,0.1325,2018-12-12,2021-12-12,charged_off
121,MBR00077,auto,45634.82,18794.04,0.0682,2000-04-07,2007-04-07,charged_off
122,MBR00099,personal,5332.65,4309.57,0.164,2023-08-01,2028-08-01,current
123,MBR00015,heloc,176316.6,77558.86,0.0826,2025-07-27,2043-07-27,current
124,MBR00126,heloc,163831.91,92966.72,0.0572,2025-02-13,2045-02-13,delinquent
125,MBR00159,auto,42409.54,10219.78,0.0647,2016-03-30,2022-03-30,charged_off
126,MBR00238,personal,8634.64,4758.88,0.1709,2022-07-11,2025-07-11,charged_off
127,MBR00249,auto,15703.45,152.88,0.0839,2004-11-13,2007-11-13,charged_off
128,MBR00287,auto,42925.19,35864.79,0.0857,2021-06-25,2024-06-25,charged_off
129,MBR00492,mortgage,405517.24,77835.35,0.031,2023-10-15,2041-10-15,current
130,MBR00217,mortgage,253837.32,193332.86,0.0398,2022-07-26,2045-07-26,current
131,MBR00332,auto,23347.37,8882.12,0.0871,2025-11-06,2029-11-06,current
132,MBR00019,mortgage,381045.92,237241.04,0.0689,2019-07-27,2036-07-27,current
133,MBR00491,personal,27609.97,26097.25,0.171,2020-08-17,2021-08-17,charged_off
134,MBR00082,mortgage,304556.27,214737.52,0.057,2020-12-20,2038-12-20,current
135,MBR00464,auto,46357.98,45866.28,0.0831,2024-09-23,2028-09-23,current
136,MBR00070,personal,30917.9,16878.8,0.081,2019-08-19,2024-08-19,charged_off
137,MBR00378,mortgage,180090.29,167926.19,0.0304,2023-04-16,2041-04-16,current
138,MBR00133,auto,36526.67,18942.76,0.0527,2023-02-22,2030-02-22,current
139,MBR00143,auto,12572.0,5223.39,0.0429,2023-09-05,2026-09-05,current
140,MBR00338,personal,13163.28,11246.38,0.1673,2025-03-07,2030-03-07,current
141,MBR00282,mortgage,231353.25,218092.63,0.0506,2005-02-27,2020-02-27,charged_off
142,MBR00091,mortgage,514290.96,12080.3,0.0468,2011-07-14,2027-07-14,current
143,MBR00330,auto,8762.21,3506.97,0.0733,2021-11-27,2025-11-27,charged_off
144,MBR00022,mortgage,380773.59,255644.13,0.0545,2024-05-09,2049-05-09,current
145,MBR00374,personal,31958.46,11544.45,0.094,2015-08-10,2019-08-10,charged_off
146,MBR00011,personal,16862.25,3906.17,0.0962,2023-06-26,2025-06-26,charged_off
147,MBR00029,personal,28447.22,4947.42,0.0925,2011-10-18,2015-10-18,charged_off
148,MBR00043,auto,5544.07,4754.58,0.0414,2002-06-12,2007-06-12,charged_off
149,MBR00444,mortgage,408293.98,326993.31,0.0317,2012-08-26,2038-08-26,current
150,MBR00309,auto,19409.94,14635.79,0.0569,2017-10-02,2021-10-02,charged_off
151,MBR00478,auto,14684.26,2475.09,0.0854,2022-06-08,2027-06-08,current
152,MBR00395,personal,31090.39,16906.84,0.1729,2012-07-18,2015-07-18,charged_off
153,MBR00209,mortgage,273622.13,630.72,0.0675,2023-09-17,2043-09-17,current
154,MBR00407,personal,3222.84,661.01,0.167,2009-08-18,2011-08-18,charged_off
155,MBR00484,auto,25800.75,593.89,0.0558,2020-01-03,2025-01-03,charged_off
156,MBR00337,auto,7540.74,1586.66,0.0693,2026-03-28,2033-03-28,current
157,MBR00047,auto,48758.66,20279.59,0.0825,2026-04-10,2030-04-10,current
158,MBR00204,personal,27678.62,16936.11,0.077,2024-05-13,2029-05-13,current
159,MBR00072,personal,13725.05,3946.13,0.121,2023-11-12,2028-11-12,current
160,MBR00384,mortgage,576990.98,208809.8,0.0406,2025-06-03,2055-06-03,current
161,MBR00058,mortgage,187743.79,113416.03,0.048,2025-09-17,2046-09-17,current
162,MBR00293,personal,20426.59,17682.68,0.0979,2023-01-21,2026-01-21,charged_off
163,MBR00257,auto,29447.79,15747.11,0.0514,2018-12-23,2023-12-23,charged_off
164,MBR00062,mortgage,301573.22,58956.22,0.0472,2012-03-04,2041-03-04,current
165,MBR00409,mortgage,173374.18,111116.74,0.0405,2010-06-30,2032-06-30,current
166,MBR00298,personal,18434.89,16620.73,0.1563,2022-06-27,2023-06-27,charged_off
167,MBR00269,auto,7105.48,5328.94,0.0566,2020-08-20,2024-08-20,charged_off
168,MBR00440,personal,27128.42,54.37,0.0909,2018-06-16,2021-06-16,charged_off
169,MBR00490,heloc,190572.01,43817.06,0.096,2004-07-31,2022-07-31,charged_off
170,MBR00346,auto,24064.78,10108.32,0.0872,2024-12-26,2030-12-26,current
171,MBR00122,mortgage,346576.43,267929.12,0.0645,2019-10-09,2038-10-09,current
172,MBR00385,mortgage,348229.18,229601.58,0.0588,2021-12-22,2050-12-22,current
173,MBR00063,personal,15578.96,2290.98,0.093,2023-11-27,2027-11-27,current
174,MBR00386,auto,53056.26,26538.73,0.0871,2007-08-22,2012-08-22,charged_off
175,MBR00169,personal,13058.52,3230.34,0.116,2025-08-03,2027-08-03,current
176,MBR00300,personal,11187.67,871.03,0.0725,2002-12-02,2007-12-02,charged_off
177,MBR00200,auto,57395.07,1138.02,0.0683,2018-09-28,2023-09-28,charged_off
178,MBR00341,auto,26484.99,23607.7,0.0592,2026-01-26,2033-01-26,current
179,MBR00371,mortgage,545266.77,243785.08,0.0368,2021-03-28,2038-03-28,current
180,MBR00112,personal,17612.85,12614.01,0.0918,2022-03-11,2024-03-11,charged_off
181,MBR00074,auto,41276.34,19873.25,0.0626,2012-09-28,2015-09-28,charged_off
182,MBR00055,auto,52283.9,45532.08,0.0595,2000-01-16,2006-01-16,charged_off
183,MBR00090,mortgage,466434.23,405829.37,0.0681,2016-03-08,2043-03-08,current
184,MBR00425,mortgage,449029.24,27321.52,0.0363,2025-06-09,2055-06-09,current
185,MBR00141,mortgage,436114.68,241724.59,0.038,2015-11-24,2038-11-24,current
186,MBR00226,mortgage,208356.86,106062.26,0.0663,2024-05-05,2049-05-05,current
187,MBR00210,auto,10010.65,2078.74,0.0572,2025-09-26,2031-09-26,current
188,MBR00131,personal,29894.69,7974.59,0.0973,2026-01-08,2030-01-08,current
189,MBR00302,heloc,54026.64,41076.71,0.0592,2005-07-02,2024-07-02,charged_off
190,MBR00354,personal,10308.39,9620.37,0.102,2026-01-13,2031-01-13,current
191,MBR00252,heloc,228096.75,200444.44,0.0996,2022-05-03,2038-05-03,current
192,MBR00274,personal,18149.42,13561.85,0.115,2013-07-12,2016-07-12,charged_off
193,MBR00192,mortgage,320327.09,80166.29,0.0555,2026-01-02,2043-01-02,current
194,MBR00446,personal,30096.29,26644.77,0.0741,2013-06-16,2017-06-16,charged_off
195,MBR00163,heloc,88506.49,81200.4,0.0767,2000-05-13,2017-05-13,charged_off
196,MBR00280,personal,25261.77,4002.41,0.0853,2017-09-29,2021-09-29,charged_off
197,MBR00485,auto,5993.64,2789.12,0.0488,2007-10-03,2010-10-03,charged_off
198,MBR00459,mortgage,120344.36,67313.66,0.057,2022-07-21,2037-07-21,current
199,MBR00127,personal,31351.38,5125.91,0.0937,2015-12-22,2020-12-22,charged_off
200,MBR00362,personal,22794.41,12674.0,0.1129,2020-07-22,2021-07-22,charged_off
201,MBR00035,mortgage,105305.64,65853.44,0.0606,2014-07-15,2041-07-15,current
202,MBR00443,auto,28192.55,9022.76,0.0568,2003-09-04,2006-09-04,charged_off
203,MBR00099,auto,57730.99,15933.09,0.0797,2022-05-22,2025-05-22,charged_off
204,MBR00425,auto,33187.51,26896.9,0.056,2025-08-01,2030-08-01,current
205,MBR00237,mortgage,568240.08,365619.12,0.0392,2022-02-20,2040-02-20,current
206,MBR00472,mortgage,244444.92,228307.57,0.0384,2019-12-12,2046-12-12,current
207,MBR00315,mortgage,271869.58,189891.59,0.0653,2016-07-17,2033-07-17,current
208,MBR00298,heloc,34435.26,25759.64,0.0905,2021-11-09,2039-11-09,current
209,MBR00337,mortgage,408054.44,272561.37,0.057,2026-03-18,2053-03-18,current
210,MBR00224,personal,11810.88,4623.57,0.0773,2020-11-04,2024-11-04,charged_off
211,MBR00354,mortgage,278833.13,3239.8,0.05,2024-11-06,2046-11-06,current
212,MBR00346,mortgage,546325.3,132622.79,0.0394,2020-07-29,2044-07-29,current
213,MBR00404,auto,25598.8,20366.78,0.05,2017-03-18,2022-03-18,charged_off
214,MBR00200,auto,55787.5,14546.28,0.0893,2021-02-10,2028-02-10,current
215,MBR00385,auto,40398.11,14218.26,0.0659,2019-11-21,2022-11-21,charged_off
216,MBR00473,auto,6303.13,2903.78,0.057,2026-01-16,2031-01-16,current
217,MBR00344,personal,9443.49,4518.98,0.1368,2019-07-29,2021-07-29,charged_off
218,MBR00091,auto,39638.04,1836.78,0.0834,2008-09-20,2011-09-20,charged_off
219,MBR00383,auto,59560.69,24263.2,0.0462,2005-11-09,2009-11-09,charged_off
220,MBR00240,personal,32681.63,8987.8,0.1257,2015-07-18,2017-07-18,charged_off
221,MBR00062,mortgage,455270.36,341921.96,0.0469,2017-07-09,2039-07-09,current
222,MBR00112,mortgage,410513.96,377666.29,0.0644,2024-04-29,2047-04-29,delinquent
223,MBR00443,mortgage,167238.34,44330.18,0.0468,2022-05-23,2051-05-23,current
224,MBR00300,personal,27980.99,4084.04,0.1537,2020-08-24,2021-08-24,charged_off
225,MBR00433,personal,32332.1,8838.04,0.129,2019-10-30,2024-10-30,charged_off
226,MBR00378,auto,30500.82,12016.55,0.0541,2019-11-25,2025-11-25,charged_off
227,MBR00129,auto,12516.1,12463.78,0.0497,2023-05-27,2029-05-27,current
228,MBR00132,personal,13724.77,404.98,0.1717,2017-05-26,2021-05-26,charged_off
229,MBR00351,mortgage,334566.58,2518.46,0.0463,2020-07-19,2037-07-19,current
230,MBR00342,heloc,48966.97,4255.92,0.098,2026-02-22,2042-02-22,current
231,MBR00499,mortgage,334083.36,205349.96,0.0578,2026-02-21,2052-02-21,current
232,MBR00391,auto,31274.91,30391.2,0.0714,2026-02-02,2031-02-02,current
233,MBR00452,auto,38298.96,16149.07,0.0526,2023-09-10,2027-09-10,current
234,MBR00294,auto,11420.19,6878.76,0.0721,2023-10-19,2026-10-19,current
235,MBR00446,heloc,134448.89,22889.98,0.0943,2009-08-27,2022-08-27,charged_off
236,MBR00129,auto,21622.08,8949.82,0.0728,2024-06-25,2031-06-25,current
237,MBR00339,personal,32426.9,7241.21,0.0819,2016-10-20,2017-10-20,charged_off
238,MBR00222,mortgage,154211.01,46416.13,0.0671,2025-12-21,2046-12-21,current
239,MBR00244,auto,32044.78,18655.2,0.0434,2021-10-02,2024-10-02,charged_off
240,MBR00083,mortgage,229936.94,187076.69,0.0367,2012-05-16,2040-05-16,current
241,MBR00293,mortgage,341359.15,277989.91,0.0479,2023-10-10,2041-10-10,current
242,MBR00327,auto,46754.06,26148.12,0.089,2021-09-01,2026-09-01,current
243,MBR00485,auto,40003.85,35016.11,0.0546,2013-06-10,2016-06-10,charged_off
244,MBR00409,auto,6631.67,1588.06,0.0638,2023-11-19,2027-11-19,current
245,MBR00164,auto,57536.76,51964.79,0.0794,2005-12-30,2012-12-30,charged_off
246,MBR00224,mortgage,83776.22,20365.02,0.0672,2023-05-26,2046-05-26,current
247,MBR00361,mortgage,434567.2,25643.36,0.0699,2011-11-14,2036-11-14,current
248,MBR00136,mortgage,109765.6,98769.57,0.0648,2024-04-28,2050-04-28,current
249,MBR00362,personal,25657.49,3361.0,0.0727,2016-05-25,2018-05-25,charged_off
250,MBR00238,auto,43459.55,21081.62,0.0583,2019-12-16,2023-12-16,charged_off
251,MBR00077,personal,1106.39,140.03,0.0717,2013-06-29,2016-06-29,charged_off
252,MBR00302,heloc,186595.13,111926.25,0.0749,2025-04-11,2045-04-11,current
253,MBR00033,auto,28535.4,7582.49,0.0892,2024-12-20,2030-12-20,current
254,MBR00394,auto,12873.88,12465.19,0.0837,2023-11-04,2030-11-04,current
255,MBR00425,auto,50779.48,42245.84,0.0893,2025-02-19,2032-02-19,current
256,MBR00212,auto,41445.32,10226.53,0.0521,2022-01-21,2026-01-21,charged_off
257,MBR00412,personal,4040.68,3393.22,0.1792,1999-02-07,2003-02-07,charged_off
258,MBR00244,heloc,226635.64,75711.56,0.0648,2011-11-30,2025-11-30,charged_off
259,MBR00371,heloc,170944.31,62642.85,0.061,2018-02-02,2038-02-02,current
260,MBR00281,personal,12315.24,11518.85,0.1724,2025-03-25,2027-03-25,current
261,MBR00217,heloc,188312.28,82499.62,0.0843,2026-01-22,2042-01-22,current
262,MBR00436,personal,8600.73,7834.07,0.1019,2011-01-13,2012-01-13,charged_off
263,MBR00031,personal,32865.16,4820.32,0.1329,2008-03-04,2009-03-04,charged_off
264,MBR00105,heloc,148460.04,120273.76,0.0689,2025-01-24,2035-01-24,current
265,MBR00484,mortgage,481066.07,429791.2,0.0507,2010-09-14,2029-09-14,current
266,MBR00210,personal,11741.49,3757.5,0.162,2023-05-13,2026-05-13,current
267,MBR00282,auto,46088.3,22934.55,0.0698,2012-07-11,2015-07-11,charged_off
268,MBR00302,personal,10297.39,5199.92,0.1225,2013-03-21,2018-03-21,charged_off
269,MBR00415,personal,13808.09,10899.93,0.0867,2020-05-21,2023-05-21,charged_off
270,MBR00121,personal,28554.23,4089.57,0.1714,2017-06-10,2018-06-10,charged_off
271,MBR00341,personal,11169.46,7400.77,0.1789,2025-08-10,2027-08-10,current
272,MBR00187,heloc,191851.4,137549.8,0.0581,2026-01-08,2042-01-08,current
273,MBR00280,auto,52093.87,12905.4,0.0448,2018-09-27,2024-09-27,charged_off
274,MBR00404,mortgage,498637.33,210845.1,0.0482,2007-09-12,2031-09-12,current
275,MBR00409,mortgage,546553.41,439617.47,0.0386,2025-07-30,2046-07-30,current
276,MBR00409,mortgage,525193.47,327428.83,0.057,2012-02-08,2030-02-08,delinquent
277,MBR00334,personal,6719.58,5512.52,0.0805,2025-02-14,2026-02-14,charged_off
278,MBR00293,auto,58915.22,21976.99,0.0696,2023-06-01,2028-06-01,current
279,MBR00132,auto,18247.05,829.23,0.055,2021-12-02,2027-12-02,current
280,MBR00409,mortgage,439733.32,271710.81,0.061,2023-05-19,2040-05-19,current
281,MBR00304,mortgage,86033.26,30850.72,0.0332,2025-06-20,2043-06-20,current
282,MBR00416,auto,37276.78,9492.19,0.0639,2026-04-10,2033-04-10,current
283,MBR00414,auto,31630.53,28485.15,0.0548,2005-07-03,2011-07-03,charged_off
284,MBR00475,auto,54988.43,53902.61,0.0491,2025-11-23,2032-11-23,current
285,MBR00058,mortgage,502342.05,231588.83,0.0325,2026-03-15,2056-03-15,current
286,MBR00472,personal,26619.28,21810.13,0.1761,2017-08-22,2019-08-22,charged_off
287,MBR00138,mortgage,173567.53,166773.55,0.0619,2016-05-24,2045-05-24,current
288,MBR00043,personal,3985.91,3648.66,0.1636,1998-11-06,2001-11-06,charged_off
289,MBR00025,auto,21421.79,21419.96,0.0485,2020-01-11,2027-01-11,current
290,MBR00381,heloc,134666.34,115832.57,0.0846,2023-12-03,2037-12-03,current
291,MBR00272,mortgage,553607.24,437438.57,0.0541,2019-06-08,2045-06-08,current
292,MBR00233,personal,9061.41,385.81,0.0855,2010-05-30,2012-05-30,charged_off
293,MBR00491,mortgage,192340.78,178038.39,0.041,2019-09-26,2045-09-26,current
294,MBR00090,mortgage,549903.17,177879.56,0.0481,2017-04-03,2044-04-03,delinquent
295,MBR00485,auto,16206.96,5744.21,0.0897,2020-08-06,2025-08-06,charged_off
296,MBR00269,personal,20163.83,3597.88,0.1364,2022-08-31,2027-08-31,current
297,MBR00280,personal,13884.02,12153.78,0.0971,2017-07-17,2022-07-17,charged_off
298,MBR00049,auto,35160.28,22403.45,0.0564,2015-06-18,2018-06-18,charged_off
299,MBR00209,mortgage,222091.56,138328.4,0.0408,2007-12-27,2029-12-27,delinquent
300,MBR00300,mortgage,134601.42,55344.46,0.0369,2015-03-24,2033-03-24,current
301,MBR00033,auto,24189.51,17632.85,0.0832,2026-03-27,2033-03-27,current
302,MBR00327,auto,22489.8,11765.27,0.0489,2021-05-24,2027-05-24,current
303,MBR00308,auto,33246.1,20652.46,0.0728,2009-11-23,2013-11-23,charged_off
304,MBR00015,personal,2797.4,900.16,0.1477,2023-02-24,2026-02-24,charged_off
305,MBR00302,mortgage,318049.03,158315.51,0.0693,2024-07-25,2053-07-25,current
306,MBR00304,mortgage,569672.04,29933.62,0.0421,2007-06-04,2029-06-04,current
307,MBR00281,mortgage,126873.11,6994.9,0.033,2017-02-21,2034-02-21,current
308,MBR00178,auto,45887.52,1736.09,0.0864,2013-03-14,2020-03-14,charged_off
309,MBR00300,mortgage,344514.83,108480.19,0.0491,2024-07-29,2043-07-29,current
310,MBR00395,mortgage,144839.62,24420.33,0.0546,2026-02-17,2041-02-17,current
311,MBR00415,mortgage,357848.91,121248.48,0.0397,2020-11-19,2046-11-19,delinquent
312,MBR00096,heloc,236785.93,130551.44,0.0823,2025-03-05,2045-03-05,current
313,MBR00259,heloc,193290.51,31040.73,0.0628,2021-10-02,2034-10-02,current
314,MBR00025,heloc,111453.34,73786.73,0.0626,2007-10-22,2023-10-22,charged_off
315,MBR00325,personal,29278.7,20684.08,0.1018,2019-01-29,2020-01-29,charged_off
316,MBR00237,auto,45591.41,3232.02,0.0596,2023-04-04,2030-04-04,delinquent
317,MBR00040,mortgage,544577.29,513265.88,0.0656,2025-08-09,2054-08-09,current
318,MBR00499,mortgage,235142.34,140599.11,0.0301,2024-11-02,2042-11-02,current
319,MBR00124,mortgage,182723.11,181460.41,0.0463,2021-02-11,2040-02-11,current
320,MBR00029,auto,30888.43,3329.98,0.0549,2022-09-29,2027-09-29,current
321,MBR00103,auto,59415.31,15026.66,0.048,2013-01-06,2019-01-06,charged_off
322,MBR00315,auto,53596.69,51439.09,0.0454,2013-09-17,2017-09-17,charged_off
323,MBR00315,mortgage,466840.47,24100.25,0.0363,2011-10-15,2027-10-15,delinquent
324,MBR00330,heloc,38510.15,25998.68,0.0797,2006-08-28,2023-08-28,charged_off
325,MBR00298,personal,30980.06,26908.73,0.1498,2024-04-17,2029-04-17,delinquent
326,MBR00047,personal,5288.2,1668.76,0.1249,2025-12-28,2028-12-28,current
327,MBR00058,personal,15608.61,8113.46,0.151,2025-12-28,2030-12-28,current
328,MBR00213,auto,28592.36,23249.58,0.0475,2026-03-28,2033-03-28,current
329,MBR00153,auto,19494.19,15626.3,0.0732,2014-12-16,2018-12-16,charged_off
330,MBR00123,personal,28538.38,212.56,0.1371,2020-09-15,2025-09-15,charged_off
331,MBR00259,mortgage,409928.14,394200.66,0.0347,2022-07-10,2044-07-10,delinquent
332,MBR00093,heloc,112312.71,106589.77,0.0639,2024-08-03,2043-08-03,current
333,MBR00112,mortgage,409321.19,213176.43,0.0388,2023-02-03,2045-02-03,current
334,MBR00108,mortgage,238230.79,68709.19,0.0444,2015-05-08,2038-05-08,current
335,MBR00434,personal,7179.56,5657.65,0.0756,2012-02-05,2013-02-05,charged_off
336,MBR00414,mortgage,552410.63,28544.06,0.0471,2011-03-16,2029-03-16,current
337,MBR00072,mortgage,130381.35,87197.52,0.0572,2022-10-15,2037-10-15,current
338,MBR00137,mortgage,484980.32,383118.3,0.0394,2015-01-17,2041-01-17,current
339,MBR00407,personal,5436.5,4387.65,0.0831,2012-04-22,2017-04-22,charged_off
340,MBR00281,mortgage,131291.45,1359.57,0.042,2022-05-24,2047-05-24,current
341,MBR00291,personal,2489.58,1860.9,0.1159,2024-05-05,2026-05-05,current
342,MBR00153,personal,31831.7,11782.04,0.1683,2015-10-28,2018-10-28,charged_off
343,MBR00237,auto,28986.92,6061.59,0.0609,2024-05-15,2030-05-15,current
344,MBR00108,auto,58211.78,54672.89,0.0422,2020-03-05,2025-03-05,charged_off
345,MBR00011,heloc,55645.82,7219.73,0.0772,2018-12-13,2034-12-13,delinquent
346,MBR00368,auto,46290.03,27734.72,0.068,2013-01-07,2019-01-07,charged_off
347,MBR00174,auto,15123.65,4586.67,0.0685,2025-07-12,2029-07-12,current
348,MBR00425,personal,16484.99,12852.75,0.0984,2026-03-20,2031-03-20,current
349,MBR00464,mortgage,168976.73,162371.32,0.0512,2009-10-30,2025-10-30,charged_off
350,MBR00331,auto,53598.14,19165.99,0.0534,2012-01-12,2016-01-12,charged_off
