member_number,first_name,last_name,email,date_of_birth,member_since,segment,zip_code
MBR00001,Samantha,Anderson,samantha.anderson@example.com,1947-03-31,2007-05-04,premium,90021
MBR00002,Emma,Diaz,emma.diaz@example.com,1947-11-08,1996-05-03,standard,77002
MBR00003,Carolyn,Wood,carolyn.wood@example.com,1993-11-21,2013-10-26,standard,10001
MBR00004,Maria,Lee,maria.lee@example.com,1982-12-01,2010-04-06,standard,90041
MBR00005,Elizabeth,Carter,elizabeth.carter@example.com,1953-09-05,2011-02-07,standard,19103
MBR00006,Jonathan,Thomas,jonathan.thomas@example.com,1978-12-17,1998-07-15,basic,30307
MBR00007,Pamela,Harris,pamela.harris@example.com,1951-03-30,1997-01-20,basic,77006
MBR00008,Richard,Carter,richard.carter@example.com,1969-12-09,2015-05-04,standard,77003
MBR00009,Christine,Wright,christine.wright@example.com,1951-05-29,2022-04-29,standard,19104
MBR00010,Edward,Wright,edward.wright@example.com,1994-12-20,2004-11-07,basic,77006
MBR00011,Robert,Green,robert.green@example.com,1980-12-28,2007-01-04,basic,30301
MBR00012,Margaret,Wood,margaret.wood@example.com,1989-10-15,2012-09-30,standard,60602
MBR00013,Ashley,Myers,ashley.myers@example.com,1995-05-13,2019-03-06,standard,98104
MBR00014,Brian,Lewis,brian.lewis@example.com,1957-05-30,2017-11-09,basic,60604
MBR00015,Raymond,Lee,raymond.lee@example.com,1982-11-16,2021-10-02,standard,85001
MBR00016,Stephen,Johnson,stephen.johnson@example.com,1955-04-12,2025-07-31,basic,30304
MBR00017,Joseph,Nguyen,joseph.nguyen@example.com,1984-01-03,2002-02-04,basic,85002
MBR00018,Nicholas,Ross,nicholas.ross@example.com,1961-01-11,2017-10-09,basic,77002
MBR00019,Karen,Mitchell,karen.mitchell@example.com,1959-06-30,2019-03-13,basic,30302
MBR00020,Gary,Williams,gary.williams@example.com,1955-01-14,2011-04-14,basic,10036
MBR00021,Donald,Reed,donald.reed@example.com,1952-01-25,1998-11-04,basic,60601
MBR00022,Thomas,James,thomas.james@example.com,1987-08-23,2019-08-30,standard,77004
MBR00023,Anna,Long,anna.long@example.com,1963-01-18,2008-12-25,standard,19102
MBR00024,Jessica,Young,jessica.young@example.com,1965-02-27,1997-11-15,standard,77005
MBR00025,James,Martinez,james.martinez@example.com,1950-04-14,2005-04-08,premium,77007
MBR00026,Kimberly,Bennett,kimberly.bennett@example.com,1988-07-20,2004-08-11,standard,19105
MBR00027,Ashley,Stewart,ashley.stewart@example.com,1981-07-09,2003-07-17,standard,98105
MBR00028,Cynthia,Sanders,cynthia.sanders@example.com,1949-11-11,2025-03-16,standard,30304
MBR00029,Susan,Young,susan.young@example.com,1962-03-11,2003-07-14,premium,19104
MBR00030,Ashley,Martinez,ashley.martinez@example.com,1984-10-03,2019-09-08,standard,10002
MBR00031,Elizabeth,Long,elizabeth.long@example.com,1966-03-17,2002-06-17,standard,10036
MBR00032,Lisa,Carter,lisa.carter@example.com,1945-03-12,2012-07-06,basic,98107
MBR00033,Rachel,Sanders,rachel.sanders@example.com,1994-11-11,2024-09-09,premium,10036
MBR00034,Justin,Patel,justin.patel@example.com,1993-08-23,1997-09-25,premium,60605
MBR00035,Linda,Rogers,linda.rogers@example.com,1952-03-10,2003-05-03,premium,98104
MBR00036,Jessica,Reed,jessica.reed@example.com,1967-02-02,2020-12-20,standard,30301
MBR00037,Dorothy,Clark,dorothy.clark@example.com,1973-03-10,2005-09-15,premium,19103
MBR00038,George,Long,george.long@example.com,1951-07-06,1995-06-02,basic,90002
MBR00039,Jonathan,Ramirez,jonathan.ramirez@example.com,1990-05-21,2006-11-24,standard,77008
MBR00040,Melissa,Torres,melissa.torres@example.com,1959-02-26,2014-08-28,standard,10002
MBR00041,Christine,Peterson,christine.peterson@example.com,1971-11-11,2024-10-03,basic,90041
MBR00042,Catherine,Peterson,catherine.peterson@example.com,1958-12-12,2007-03-21,standard,85002
MBR00043,Nicholas,Morales,nicholas.morales@example.com,1967-07-13,1997-04-12,standard,10001
MBR00044,Joshua,Foster,joshua.foster@example.com,1956-09-26,2023-07-31,premium,98107
MBR00045,Brenda,Johnson,brenda.johnson@example.com,1955-01-14,1998-05-17,standard,10016
MBR00046,Melissa,Howard,melissa.howard@example.com,1994-07-28,2001-08-23,premium,10019
MBR00047,Amanda,Clark,amanda.clark@example.com,1967-05-22,2024-12-01,basic,98105
MBR00048,Helen,Myers,helen.myers@example.com,1958-11-13,2005-08-14,basic,98105
MBR00049,Patricia,Thompson,patricia.thompson@example.com,1974-10-21,2013-06-20,basic,85003
MBR00050,Christopher,Hughes,christopher.hughes@example.com,1954-09-13,2012-02-28,basic,19103
MBR00051,Kevin,Flores,kevin.flores@example.com,1965-06-02,2004-12-31,,30303
MBR00052,Kimberly,Rodriguez,kimberly.rodriguez@example.com,1970-01-16,2010-10-02,standard,30303
MBR00053,Patricia,Anderson,patricia.anderson@example.com,1968-06-08,2003-01-04,basic,98108
MBR00054,Kevin,Sanders,kevin.sanders@example.com,1973-02-21,2014-07-29,standard,77001
MBR00055,Steven,Garcia,steven.garcia@example.com,1984-02-14,1995-01-28,basic,77002
MBR00056,Brian,Parker,brian.parker@example.com,1951-04-12,2024-10-17,standard,90061
MBR00057,Alexander,Hill,alexander.hill@example.com,1990-07-01,2008-11-15,standard,60601
MBR00058,Matthew,Turner,matthew.turner@example.com,1979-01-06,2025-05-20,premium,98104
MBR00059,Stephen,Smith,stephen.smith@example.com,1972-04-06,2007-11-14,basic,30302
MBR00060,Cynthia,Cruz,cynthia.cruz@example.com,1984-09-01,2025-04-22,standard,60606
MBR00061,Gregory,Hernandez,gregory.hernandez@example.com,1970-06-18,2018-02-14,standard,77007
MBR00062,Benjamin,Flores,benjamin.flores@example.com,1965-02-26,2003-12-07,premium,90002
MBR00063,Ryan,Turner,ryan.turner@example.com,1996-08-24,2003-09-21,standard,60603
MBR00064,Katherine,Ruiz,katherine.ruiz@example.com,1945-07-01,1999-10-13,standard,19104
MBR00065,Michael,Bailey,michael.bailey@example.com,1967-05-11,2000-06-11,basic,30301
MBR00066,Dennis,Cruz,dennis.cruz@example.com,1999-12-19,2017-08-23,basic,60605
MBR00067,Catherine,Stewart,catherine.stewart@example.com,1985-05-18,2006-08-17,basic,19107
MBR00068,Raymond,Walker,raymond.walker@example.com,1969-08-21,2014-09-24,standard,30301
MBR00069,Anna,Hernandez,anna.hernandez@example.com,1957-06-01,2001-10-07,standard,90001
MBR00070,Rebecca,Evans,rebecca.evans@example.com,1974-09-08,2019-05-05,premium,98102
MBR00071,Jerry,Howard,jerry.howard@example.com,1946-10-03,2020-10-28,premium,98102
MBR00072,Rebecca,Morgan,rebecca.morgan@example.com,1993-12-30,2022-01-22,standard,19107
MBR00073,Patricia,Roberts,patricia.roberts@example.com,1975-02-27,2025-01-01,standard,19104
MBR00074,Thomas,Richardson,thomas.richardson@example.com,1992-12-02,1996-03-17,standard,90011
MBR00075,Frank,Diaz,frank.diaz@example.com,1957-03-05,2015-09-17,standard,19103
MBR00076,Michelle,Baker,michelle.baker@example.com,1979-01-06,2007-06-25,basic,90011
MBR00077,Jacob,Williams,jacob.williams@example.com,1993-05-24,1997-05-03,standard,10019
MBR00078,Dennis,Brown,dennis.brown@example.com,1967-03-09,2003-12-11,standard,19105
MBR00079,Christine,Anderson,christine.anderson@example.com,1995-08-07,2004-10-11,standard,90051
MBR00080,Heather,Lee,heather.lee@example.com,1972-11-27,1999-11-07,basic,98101
MBR00081,Ronald,Alvarez,ronald.alvarez@example.com,1962-10-17,1998-05-30,basic,85007
MBR00082,Debra,Kim,debra.kim@example.com,1955-11-11,2020-05-21,standard,30308
MBR00083,William,Cook,william.cook@example.com,1975-08-13,1995-07-27,basic,30307
MBR00084,Samantha,Collins,samantha.collins@example.com,1958-09-23,2014-07-15,standard,19106
MBR00085,Cynthia,Parker,cynthia.parker@example.com,1998-02-26,2007-01-15,standard,85004
MBR00086,Laura,Young,laura.young@example.com,1986-09-10,2020-07-24,standard,
MBR00087,Michelle,White,michelle.white@example.com,1988-09-28,2004-07-07,standard,85004
MBR00088,Brenda,Johnson,brenda.johnson1@example.com,1991-05-08,2003-07-28,standard,77007
MBR00089,Samuel,Stewart,samuel.stewart@example.com,1989-01-13,2015-02-07,premium,77008
MBR00090,Donna,James,donna.james@example.com,1997-03-05,2011-07-22,standard,30303
MBR00091,Amanda,Hughes,amanda.hughes@example.com,1985-09-16,2007-02-25,standard,30301
MBR00092,Jessica,Myers,jessica.myers@example.com,1993-01-28,2025-12-16,standard,85005
MBR00093,Richard,Harris,richard.harris@example.com,1971-07-31,2005-03-16,standard,60601
MBR00094,Kimberly,Garcia,kimberly.garcia@example.com,1949-11-22,2019-10-28,basic,19107
MBR00095,Susan,Johnson,susan.johnson@example.com,1996-07-02,2007-10-03,standard,10022
MBR00096,Steven,Morris,steven.morris@example.com,1955-03-28,1997-12-06,premium,10022
MBR00097,Karen,Martin,karen.martin@example.com,1995-07-01,2008-08-18,standard,98106
MBR00098,Nicole,Kim,nicole.kim@example.com,2000-06-25,2005-02-14,standard,85007
MBR00099,Emma,Diaz,emma.diaz1@example.com,1972-05-25,2020-07-04,standard,77003
MBR00100,Raymond,Ramirez,raymond.ramirez@example.com,1968-09-28,2024-08-16,standard,60605
MBR00101,James,Evans,james.evans@example.com,1985-06-02,2025-12-03,standard,85005
MBR00102,Rachel,Collins,rachel.collins@example.com,1951-05-22,2025-11-01,standard,77002
MBR00103,Jason,Anderson,jason.anderson@example.com,1993-11-09,2005-01-31,basic,90002
MBR00104,Linda,Perez,linda.perez@example.com,1972-08-06,2021-09-10,standard,90061
MBR00105,Cynthia,Ruiz,cynthia.ruiz@example.com,1972-04-13,2013-01-20,standard,90011
MBR00106,Scott,Garcia,scott.garcia@example.com,1983-10-05,2009-06-16,premium,10003
MBR00107,Maria,Gray,maria.gray@example.com,1969-03-07,2020-11-06,,19105
MBR00108,Eric,Wood,eric.wood@example.com,1984-09-03,2007-06-24,standard,19107
MBR00109,Elizabeth,Stewart,elizabeth.stewart@example.com,1976-03-20,2013-04-26,standard,30303
MBR00110,Timothy,Ruiz,timothy.ruiz@example.com,1989-06-14,2007-12-06,standard,10016
MBR00111,Ryan,Lopez,ryan.lopez@example.com,1973-03-21,2006-04-28,basic,10001
MBR00112,Gregory,Cooper,gregory.cooper@example.com,1986-06-13,2013-07-15,standard,19108
MBR00113,Raymond,Cruz,raymond.cruz@example.com,1949-08-19,2004-02-18,premium,19107
MBR00114,Jessica,Brown,jessica.brown@example.com,1999-08-17,2005-09-25,standard,
MBR00115,Timothy,Lopez,timothy.lopez@example.com,1965-02-27,2000-02-02,premium,19108
MBR00116,Carolyn,Nguyen,carolyn.nguyen@example.com,1990-08-27,2007-04-07,standard,19103
MBR00117,Stephen,Jackson,stephen.jackson@example.com,1979-06-01,2003-07-20,standard,90001
MBR00118,Kimberly,Foster,kimberly.foster@example.com,1982-03-24,2010-03-31,standard,85005
MBR00119,Alexander,Hill,alexander.hill1@example.com,1997-08-28,2021-01-05,standard,19106
MBR00120,Kevin,Nelson,kevin.nelson@example.com,1994-07-08,2019-05-18,basic,77007
MBR00121,Pamela,Roberts,pamela.roberts@example.com,1965-12-15,2013-06-05,,98101
MBR00122,Deborah,James,deborah.james@example.com,1958-08-25,2017-03-21,premium,30303
MBR00123,Richard,Cruz,richard.cruz@example.com,1953-12-12,2018-08-05,premium,60604
MBR00124,Barbara,Stewart,barbara.stewart@example.com,1968-10-11,2010-03-09,standard,30303
MBR00125,Benjamin,Morgan,benjamin.morgan@example.com,1979-02-04,2009-03-16,basic,10016
MBR00126,Helen,Rodriguez,helen.rodriguez@example.com,1966-01-23,2023-04-24,standard,90021
MBR00127,Sharon,Gonzalez,sharon.gonzalez@example.com,1954-01-07,2014-11-26,standard,
MBR00128,Michelle,Davis,michelle.davis@example.com,1971-04-28,2011-01-30,premium,60608
MBR00129,Lisa,Thompson,lisa.thompson@example.com,1952-02-01,2022-05-04,standard,60603
MBR00130,Sandra,Reyes,sandra.reyes@example.com,1967-10-15,2015-08-13,premium,85005
MBR00131,Benjamin,Cooper,benjamin.cooper@example.com,1959-03-05,1998-04-25,standard,98107
MBR00132,Samuel,Allen,samuel.allen@example.com,1985-12-26,2008-07-20,standard,77007
MBR00133,Edward,Kelly,edward.kelly@example.com,1977-03-16,2020-10-13,standard,
MBR00134,Gregory,Gomez,gregory.gomez@example.com,1969-08-17,1995-05-13,standard,10022
MBR00135,Nicole,Myers,nicole.myers@example.com,1989-07-25,2007-11-03,standard,77005
MBR00136,Samantha,Harris,samantha.harris@example.com,2000-09-14,2006-03-30,standard,60602
MBR00137,Raymond,Gonzalez,raymond.gonzalez@example.com,1948-07-15,2008-11-09,premium,60601
MBR00138,Elizabeth,Nguyen,elizabeth.nguyen@example.com,1974-04-24,2013-08-21,premium,30307
MBR00139,Shirley,Cook,shirley.cook@example.com,1969-06-14,2002-05-19,basic,85006
MBR00140,Catherine,Baker,catherine.baker@example.com,1955-05-02,2016-01-04,premium,98103
MBR00141,Brenda,Campbell,brenda.campbell@example.com,1953-02-07,2012-09-12,,19103
MBR00142,Melissa,Gray,melissa.gray@example.com,1968-07-09,2021-03-22,standard,77006
MBR00143,Jacob,Brown,jacob.brown@example.com,2000-08-01,2020-03-08,standard,19104
MBR00144,Rachel,Hill,rachel.hill@example.com,1981-08-19,2000-03-26,basic,19108
MBR00145,Joseph,Gonzalez,joseph.gonzalez@example.com,1966-01-24,2019-02-11,standard,98106
MBR00146,Emma,Myers,emma.myers@example.com,1958-11-12,2013-08-11,basic,85004
MBR00147,Robert,Ruiz,robert.ruiz@example.com,1978-03-30,2004-09-29,basic,90031
MBR00148,Debra,Mitchell,debra.mitchell@example.com,1993-11-06,2023-12-04,standard,90061
MBR00149,Ryan,Lopez,ryan.lopez1@example.com,1964-01-12,2023-10-14,basic,30303
MBR00150,Ashley,Taylor,ashley.taylor@example.com,1995-08-27,2004-03-16,basic,77004
MBR00151,Sandra,Nelson,sandra.nelson@example.com,1958-03-29,2021-09-25,,60603
MBR00152,Thomas,Cooper,thomas.cooper@example.com,1967-06-28,2002-10-29,basic,30306
MBR00153,Donald,Ramos,donald.ramos@example.com,1974-01-18,1995-09-16,premium,90051
MBR00154,Catherine,Rodriguez,catherine.rodriguez@example.com,1987-09-23,2015-02-09,standard,77005
MBR00155,Brandon,Garcia,brandon.garcia@example.com,1991-10-13,2008-07-12,basic,19106
MBR00156,Stephanie,Diaz,stephanie.diaz@example.com,1954-09-08,2016-12-28,standard,30302
MBR00157,Nicole,Jackson,nicole.jackson@example.com,1950-11-23,2000-08-29,standard,30302
MBR00158,Edward,Kim,edward.kim@example.com,1992-08-07,2008-03-24,standard,90051
MBR00159,Katherine,Wood,katherine.wood@example.com,1994-06-19,2004-08-23,basic,19103
MBR00160,Stephanie,Turner,stephanie.turner@example.com,1953-07-13,2009-01-07,standard,60604
MBR00161,Debra,Stewart,debra.stewart@example.com,1951-01-09,1999-02-03,premium,30308
MBR00162,Thomas,Bailey,thomas.bailey@example.com,1950-05-20,2021-04-22,standard,98105
MBR00163,Amanda,Bennett,amanda.bennett@example.com,1982-12-11,1997-04-22,standard,77004
MBR00164,Karen,James,karen.james@example.com,1988-04-05,2005-01-22,standard,90051
MBR00165,Maria,Scott,maria.scott@example.com,1996-07-04,2005-02-22,basic,10010
MBR00166,Nicole,James,nicole.james@example.com,1968-12-29,1996-04-19,standard,30304
MBR00167,Kevin,Smith,kevin.smith@example.com,1961-04-11,2001-06-05,standard,10010
MBR00168,Elizabeth,Myers,elizabeth.myers@example.com,1992-08-04,2004-08-25,standard,85008
MBR00169,Alexander,Adams,alexander.adams@example.com,1995-12-03,2021-09-29,premium,10022
MBR00170,Benjamin,Hernandez,benjamin.hernandez@example.com,1969-05-31,2014-11-16,standard,85003
MBR00171,Margaret,Long,margaret.long@example.com,1990-12-19,2000-02-08,premium,19107
MBR00172,Shirley,Bennett,shirley.bennett@example.com,1972-09-02,1997-01-14,basic,77003
MBR00173,Kenneth,Ramirez,kenneth.ramirez@example.com,1957-04-24,2006-06-18,premium,98108
MBR00174,Daniel,Taylor,daniel.taylor@example.com,1979-02-10,2018-11-21,standard,30306
MBR00175,Barbara,Gomez,barbara.gomez@example.com,1948-10-18,2014-07-27,,30301
MBR00176,Pamela,Diaz,pamela.diaz@example.com,1996-06-11,2013-02-21,standard,10003
MBR00177,Michelle,Perez,michelle.perez@example.com,2000-06-15,2015-08-22,basic,90041
MBR00178,Ashley,Parker,ashley.parker@example.com,1997-10-31,2012-12-17,standard,30304
MBR00179,Mark,Nelson,mark.nelson@example.com,1960-02-01,1998-06-05,premium,30305
MBR00180,Kevin,Sanders,kevin.sanders1@example.com,1958-04-02,2005-08-07,standard,60604
MBR00181,Maria,Ross,maria.ross@example.com,1951-10-06,2002-12-12,standard,19102
MBR00182,Debra,Reed,debra.reed@example.com,1973-12-30,2023-02-19,standard,85007
MBR00183,Kimberly,Ramos,kimberly.ramos@example.com,1950-01-15,2010-10-15,standard,10036
MBR00184,Melissa,Torres,melissa.torres1@example.com,1951-11-20,2023-12-02,basic,98102
MBR00185,Cynthia,Howard,cynthia.howard@example.com,1994-09-24,1996-11-03,basic,30302
MBR00186,Nicole,Stewart,nicole.stewart@example.com,1989-12-24,2001-10-07,standard,30304
MBR00187,Carolyn,Hernandez,carolyn.hernandez@example.com,1990-04-08,2023-12-26,standard,19101
MBR00188,Shirley,Gutierrez,shirley.gutierrez@example.com,1999-09-17,2002-02-13,basic,30304
MBR00189,Benjamin,Kim,benjamin.kim@example.com,1949-09-12,2023-04-20,premium,98102
MBR00190,Andrew,Allen,andrew.allen@example.com,1999-01-27,2001-09-29,standard,30305
MBR00191,Donna,Wood,donna.wood@example.com,1980-03-01,2000-10-13,basic,98101
MBR00192,Frank,Nelson,frank.nelson@example.com,1956-06-19,2025-01-22,basic,90021
MBR00193,Frank,Bennett,frank.bennett@example.com,1982-12-27,2017-10-23,standard,77004
MBR00194,Carol,Foster,carol.foster@example.com,1988-08-17,2003-08-12,premium,90031
MBR00195,Nicholas,Foster,nicholas.foster@example.com,1993-06-05,2018-08-14,,60601
MBR00196,Scott,Carter,scott.carter@example.com,1958-11-03,2002-04-12,standard,60606
MBR00197,Alexander,Cruz,alexander.cruz@example.com,1948-12-02,2013-06-06,standard,85005
MBR00198,Dennis,Myers,dennis.myers@example.com,1985-04-11,2005-06-30,standard,19105
MBR00199,Matthew,Mitchell,matthew.mitchell@example.com,1996-03-05,2014-10-06,standard,98106
MBR00200,Christopher,Sanchez,christopher.sanchez@example.com,1999-04-01,2001-03-17,premium,30308
MBR00201,Stephen,Wilson,stephen.wilson@example.com,1991-04-15,2000-08-04,basic,60603
MBR00202,Sharon,Lopez,sharon.lopez@example.com,1964-12-02,2015-03-28,basic,98103
MBR00203,Nicholas,Mitchell,nicholas.mitchell@example.com,1966-02-25,2012-04-27,standard,
MBR00204,Richard,Alvarez,richard.alvarez@example.com,1975-01-30,2001-07-20,standard,60602
MBR00205,Maria,Price,maria.price@example.com,1987-02-01,2015-02-14,basic,
MBR00206,Margaret,Martin,margaret.martin@example.com,1994-03-28,2022-04-24,premium,85007
MBR00207,Jessica,Miller,jessica.miller@example.com,1966-05-24,2013-10-31,standard,19108
MBR00208,Scott,Morgan,scott.morgan@example.com,1946-06-23,2023-05-07,standard,98107
MBR00209,James,Ward,james.ward@example.com,1976-08-27,2005-10-16,premium,30307
MBR00210,William,Ortiz,william.ortiz@example.com,1993-10-24,2017-10-04,standard,
MBR00211,Jacob,Garcia,jacob.garcia@example.com,1979-09-17,2011-09-30,premium,30305
MBR00212,Donald,Sanders,donald.sanders@example.com,1954-04-20,2021-02-06,standard,30304
MBR00213,Frank,Thompson,frank.thompson@example.com,1986-09-07,2026-03-12,premium,19103
MBR00214,Robert,Nguyen,robert.nguyen@example.com,1963-02-01,1996-12-18,basic,85008
MBR00215,Angela,Gomez,angela.gomez@example.com,1993-09-20,2016-03-27,basic,30306
MBR00216,Heather,Miller,heather.miller@example.com,1974-10-12,2007-04-04,standard,19101
MBR00217,Deborah,Baker,deborah.baker@example.com,1961-10-05,2017-04-04,standard,85003
MBR00218,David,Sanders,david.sanders@example.com,1983-02-01,1998-07-17,basic,85006
MBR00219,Michelle,Wilson,michelle.wilson@example.com,1952-03-08,2009-09-16,standard,98107
MBR00220,Lisa,Ruiz,lisa.ruiz@example.com,1984-10-28,2010-10-08,standard,98108
MBR00221,Kimberly,Brooks,kimberly.brooks@example.com,1950-02-23,1998-05-14,standard,60605
MBR00222,Patricia,Jackson,patricia.jackson@example.com,1999-07-05,2025-06-01,premium,30307
MBR00223,Brian,Roberts,brian.roberts@example.com,1995-11-22,1996-06-14,standard,30308
MBR00224,Jeffrey,Ross,jeffrey.ross@example.com,1951-11-25,2020-09-29,standard,85004
MBR00225,Ashley,Anderson,ashley.anderson@example.com,1947-04-30,2003-05-07,standard,85002
MBR00226,Heather,King,heather.king@example.com,1985-01-14,2004-08-16,standard,19107
MBR00227,Betty,Thomas,betty.thomas@example.com,1957-03-06,1998-04-28,basic,90021
MBR00228,Debra,Green,debra.green@example.com,1976-03-03,1997-11-29,standard,60605
MBR00229,Carolyn,Price,carolyn.price@example.com,1960-08-14,2011-03-20,premium,60602
MBR00230,Donald,Murphy,donald.murphy@example.com,1947-05-12,2011-03-10,standard,60601
MBR00231,Brandon,Lopez,brandon.lopez@example.com,1950-11-25,2008-11-15,standard,98105
MBR00232,Jerry,Evans,jerry.evans@example.com,1996-07-30,1998-04-23,standard,19104
MBR00233,Debra,Gutierrez,debra.gutierrez@example.com,1975-11-29,2000-10-03,basic,60608
MBR00234,Jerry,Taylor,jerry.taylor@example.com,1983-10-25,2017-07-22,premium,60604
MBR00235,Kenneth,Perez,kenneth.perez@example.com,1959-07-14,2009-06-22,standard,85005
MBR00236,David,Allen,david.allen@example.com,1962-08-12,2023-06-27,standard,90021
MBR00237,Nicholas,Chavez,nicholas.chavez@example.com,1960-02-17,2021-07-19,premium,30304
MBR00238,Larry,Garcia,larry.garcia@example.com,1947-07-19,1998-08-23,,85002
MBR00239,Katherine,Clark,katherine.clark@example.com,1996-04-30,2013-09-08,premium,85006
MBR00240,Frank,Hill,frank.hill@example.com,1988-04-30,2005-12-26,standard,90002
MBR00241,Samuel,Davis,samuel.davis@example.com,1959-03-08,2014-09-20,standard,60603
MBR00242,George,Alvarez,george.alvarez@example.com,1973-08-25,2010-06-29,premium,90041
MBR00243,George,Walker,george.walker@example.com,1986-11-07,2000-06-30,standard,85006
MBR00244,Deborah,Ward,deborah.ward@example.com,1982-07-07,2006-02-19,basic,30301
MBR00245,Matthew,Ross,matthew.ross@example.com,1959-04-19,2017-05-08,standard,19108
MBR00246,John,Lopez,john.lopez@example.com,1980-04-12,2017-09-03,standard,10022
MBR00247,Michael,Torres,michael.torres@example.com,1989-05-26,2021-10-20,standard,10002
MBR00248,Susan,Parker,susan.parker@example.com,1957-01-06,2006-11-12,basic,98104
MBR00249,Michael,Reed,michael.reed@example.com,1995-05-28,2003-09-25,standard,19102
MBR00250,Maria,Peterson,maria.peterson@example.com,1970-02-04,2022-12-16,premium,98103
MBR00251,Melissa,Baker,melissa.baker@example.com,1995-01-18,2011-05-27,premium,10019
MBR00252,Jennifer,Jones,jennifer.jones@example.com,1957-04-18,2009-12-09,standard,60602
MBR00253,Michelle,Ward,michelle.ward@example.com,1973-07-30,2002-04-16,standard,30304
MBR00254,Nicholas,Rogers,nicholas.rogers@example.com,1992-10-04,2016-12-21,standard,30308
MBR00255,Joshua,Gray,joshua.gray@example.com,1954-11-01,2013-09-07,basic,10010
MBR00256,Scott,Stewart,scott.stewart@example.com,1968-10-27,2024-05-29,basic,10022
MBR00257,Justin,Morris,justin.morris@example.com,1960-04-19,2018-07-08,standard,60603
MBR00258,Debra,Young,debra.young@example.com,1947-11-01,2020-09-06,premium,
MBR00259,George,Turner,george.turner@example.com,1958-08-03,2013-07-10,standard,19105
MBR00260,Jack,Sanders,jack.sanders@example.com,1950-08-03,2001-03-12,standard,19106
MBR00261,Shirley,Carter,shirley.carter@example.com,1973-02-24,2002-10-08,standard,85002
MBR00262,Brandon,Morris,brandon.morris@example.com,1962-04-02,2006-01-21,standard,85007
MBR00263,Jerry,Torres,jerry.torres@example.com,1963-08-07,2025-12-17,standard,85004
MBR00264,Andrew,Thomas,andrew.thomas@example.com,1996-06-13,2025-05-08,basic,30305
MBR00265,Jerry,Jackson,jerry.jackson@example.com,1971-01-22,1996-11-20,standard,19101
MBR00266,Katherine,Allen,katherine.allen@example.com,1987-12-25,2004-08-06,standard,85003
MBR00267,Sarah,Wilson,sarah.wilson@example.com,2000-03-27,2021-04-28,premium,77005
MBR00268,Samantha,Robinson,samantha.robinson@example.com,1949-09-17,1999-06-30,standard,60602
MBR00269,James,Peterson,james.peterson@example.com,1959-03-04,2013-04-02,basic,77002
MBR00270,Dennis,Torres,dennis.torres@example.com,1973-10-25,2007-10-21,basic,77006
MBR00271,Jonathan,Patel,jonathan.patel@example.com,1948-05-07,2002-11-08,basic,10016
MBR00272,Ronald,Murphy,ronald.murphy@example.com,1961-09-19,2007-12-26,premium,90041
MBR00273,Joshua,Torres,joshua.torres@example.com,1985-10-06,2023-10-08,standard,19104
MBR00274,Paul,Harris,paul.harris@example.com,1955-02-09,2009-10-31,standard,60608
MBR00275,Mary,Patel,mary.patel@example.com,1975-03-31,2008-03-26,basic,98104
MBR00276,Jason,Rogers,jason.rogers@example.com,1974-06-03,1998-11-22,premium,19106
MBR00277,Michelle,Young,michelle.young@example.com,1945-08-12,2006-09-12,standard,30303
MBR00278,Kenneth,Howard,kenneth.howard@example.com,1996-05-25,1995-07-07,standard,90061
MBR00279,Cynthia,Flores,cynthia.flores@example.com,1959-05-01,2013-03-09,basic,85008
MBR00280,Samuel,Thomas,samuel.thomas@example.com,1971-06-21,2011-06-27,standard,60604
MBR00281,Ryan,Myers,ryan.myers@example.com,1999-05-06,2011-10-05,standard,77004
MBR00282,Maria,Young,maria.young@example.com,1998-06-15,1998-09-03,standard,90051
MBR00283,Linda,Peterson,linda.peterson@example.com,1990-05-08,2004-01-26,premium,19101
MBR00284,Joseph,Mendoza,joseph.mendoza@example.com,1963-06-06,2021-02-27,basic,10036
MBR00285,Ryan,Taylor,ryan.taylor@example.com,1991-01-18,2013-08-20,premium,85008
MBR00286,Alexander,Williams,alexander.williams@example.com,1980-07-10,2006-06-01,standard,10019
MBR00287,Jason,Hall,jason.hall@example.com,1950-09-21,2019-04-11,basic,19105
MBR00288,Robert,Torres,robert.torres@example.com,1981-09-06,2003-01-27,basic,98106
MBR00289,Melissa,Carter,melissa.carter@example.com,1985-03-29,2011-12-07,standard,60602
MBR00290,Katherine,Hall,katherine.hall@example.com,1955-08-24,2003-01-03,standard,77005
MBR00291,James,Long,james.long@example.com,1947-01-15,2008-05-20,standard,98101
MBR00292,Sandra,Young,sandra.young@example.com,1986-04-29,2010-07-12,premium,90051
MBR00293,Robert,James,robert.james@example.com,1982-08-12,2022-08-01,basic,
MBR00294,Anthony,Rodriguez,anthony.rodriguez@example.com,1954-01-20,2021-08-23,,10022
MBR00295,Ashley,Patel,ashley.patel@example.com,1948-12-20,2013-01-16,standard,10036
MBR00296,Sarah,Cook,sarah.cook@example.com,1970-12-14,2005-07-03,standard,30302
MBR00297,Donald,Hill,donald.hill@example.com,1957-11-08,2024-08-12,standard,60607
MBR00298,Raymond,Gray,raymond.gray@example.com,1983-04-30,2019-12-08,basic,98101
MBR00299,Shirley,Green,shirley.green@example.com,1982-05-09,2013-04-24,standard,19105
MBR00300,Donald,Lewis,donald.lewis@example.com,1971-12-25,2001-06-23,basic,98106
MBR00301,Brenda,Ortiz,brenda.ortiz@example.com,1957-01-11,2012-06-03,standard,19102
MBR00302,Melissa,Lopez,melissa.lopez@example.com,1993-01-20,2003-07-18,standard,10019
MBR00303,Barbara,Harris,barbara.harris@example.com,1997-09-18,2025-02-13,standard,30303
MBR00304,Kenneth,Johnson,kenneth.johnson@example.com,1964-01-02,2003-07-11,premium,19106
MBR00305,Ashley,Hughes,ashley.hughes@example.com,1999-03-24,2004-03-04,standard,85005
MBR00306,Edward,Reyes,edward.reyes@example.com,1992-11-16,2024-02-06,standard,19108
MBR00307,Cynthia,Gonzalez,cynthia.gonzalez@example.com,1987-02-14,2009-05-13,standard,77005
MBR00308,Jack,Jackson,jack.jackson@example.com,1946-06-16,2006-09-12,standard,85006
MBR00309,Karen,Sanchez,karen.sanchez@example.com,1974-08-06,2005-04-26,basic,30304
MBR00310,Steven,Ross,steven.ross@example.com,1988-11-02,2023-10-14,standard,30306
MBR00311,Lisa,Moore,lisa.moore@example.com,1994-01-13,2016-11-26,basic,10036
MBR00312,Shirley,Jones,shirley.jones@example.com,1951-09-02,2024-12-22,,
MBR00313,Sarah,Watson,sarah.watson@example.com,1965-10-06,1998-01-18,premium,30308
MBR00314,Linda,Richardson,linda.richardson@example.com,2000-04-24,2016-09-03,premium,98105
MBR00315,Mary,Williams,mary.williams@example.com,1992-06-30,2007-04-29,standard,98108
MBR00316,Daniel,Wilson,daniel.wilson@example.com,1953-08-23,2018-07-10,premium,30306
MBR00317,Paul,Gomez,paul.gomez@example.com,1952-02-03,2011-09-26,standard,77005
MBR00318,Kenneth,Mendoza,kenneth.mendoza@example.com,1952-03-26,2024-04-28,standard,98104
MBR00319,Edward,Carter,edward.carter@example.com,1994-08-02,2016-05-08,premium,19108
MBR00320,Sharon,Chavez,sharon.chavez@example.com,1974-09-21,2020-05-19,basic,10019
MBR00321,Sandra,Ramirez,sandra.ramirez@example.com,1995-11-07,2016-04-30,basic,85004
MBR00322,Anna,Reed,anna.reed@example.com,1947-12-15,2003-01-17,standard,60603
MBR00323,Dennis,Alvarez,dennis.alvarez@example.com,1980-09-25,1998-06-14,standard,98102
MBR00324,Benjamin,Cooper,benjamin.cooper1@example.com,1974-10-06,2012-03-20,premium,90011
MBR00325,Nicholas,Myers,nicholas.myers@example.com,1976-01-12,1997-05-29,standard,98103
MBR00326,Heather,Adams,heather.adams@example.com,1947-08-29,2023-06-12,basic,30306
MBR00327,Stephen,Carter,stephen.carter@example.com,1983-09-29,2003-05-02,standard,85006
MBR00328,Ashley,Alvarez,ashley.alvarez@example.com,1951-08-06,1998-09-06,standard,60604
MBR00329,Jack,Roberts,jack.roberts@example.com,1973-05-30,2011-03-07,premium,30307
MBR00330,Maria,Wright,maria.wright@example.com,1954-03-04,2000-12-10,standard,98105
MBR00331,Susan,Brown,susan.brown@example.com,1953-01-15,2010-11-16,standard,98102
MBR00332,Mary,Nguyen,mary.nguyen@example.com,1982-02-15,2012-05-24,standard,77008
MBR00333,Pamela,Gutierrez,pamela.gutierrez@example.com,1960-03-19,2025-09-28,premium,19108
MBR00334,Charles,Rodriguez,charles.rodriguez@example.com,1960-01-02,2014-07-01,standard,30307
MBR00335,Steven,Young,steven.young@example.com,1989-06-25,2021-08-20,standard,10001
MBR00336,Ronald,Nelson,ronald.nelson@example.com,2000-08-22,2012-01-16,standard,60602
MBR00337,Kenneth,Adams,kenneth.adams@example.com,1999-02-13,2026-03-10,standard,30301
MBR00338,Emily,Patel,emily.patel@example.com,1989-01-19,2020-10-31,standard,98103
MBR00339,Brian,Anderson,brian.anderson@example.com,1995-08-03,2003-12-18,standard,10010
MBR00340,Janet,Reyes,janet.reyes@example.com,1963-10-23,2014-09-01,basic,98105
MBR00341,Benjamin,Murphy,benjamin.murphy@example.com,1957-06-27,2023-05-30,standard,98107
MBR00342,Edward,Martinez,edward.martinez@example.com,1985-04-16,2021-10-27,standard,98106
MBR00343,Anna,Jones,anna.jones@example.com,1977-04-04,2019-01-31,basic,77008
MBR00344,Gregory,Bennett,gregory.bennett@example.com,1976-11-06,2002-06-18,premium,98104
MBR00345,Dennis,Nelson,dennis.nelson@example.com,1983-08-15,1999-10-02,,77005
MBR00346,Laura,Mitchell,laura.mitchell@example.com,1980-02-03,2015-10-09,standard,30305
MBR00347,Patricia,Morris,patricia.morris@example.com,1954-05-19,2008-04-02,basic,60603
MBR00348,Kevin,Flores,kevin.flores1@example.com,1975-10-12,2015-06-05,standard,90031
MBR00349,Jeffrey,Castillo,jeffrey.castillo@example.com,1985-08-04,2009-04-22,premium,10003
MBR00350,Carol,Chavez,carol.chavez@example.com,1954-10-24,2025-05-17,basic,60607
MBR00351,Stephen,Lee,stephen.lee@example.com,1974-09-11,2020-02-11,standard,60608
MBR00352,Nancy,Brooks,nancy.brooks@example.com,1983-10-09,2012-09-29,,77002
MBR00353,Laura,Ramos,laura.ramos@example.com,1983-07-16,2012-06-10,,85004
MBR00354,Dennis,Price,dennis.price@example.com,1950-08-13,2020-11-24,basic,30302
MBR00355,Betty,Collins,betty.collins@example.com,1955-03-24,2006-10-08,standard,30301
MBR00356,Scott,Roberts,scott.roberts@example.com,1999-11-05,2012-08-10,standard,60607
MBR00357,Benjamin,Price,benjamin.price@example.com,1971-09-08,2022-07-25,standard,77007
MBR00358,Donna,Anderson,donna.anderson@example.com,1961-06-04,2011-09-30,standard,60602
MBR00359,Pamela,Roberts,pamela.roberts1@example.com,1982-12-15,2003-05-02,standard,60607
MBR00360,Brenda,Perez,brenda.perez@example.com,1988-12-05,2007-12-16,standard,10022
MBR00361,Amanda,Johnson,amanda.johnson@example.com,1988-06-23,2001-02-14,standard,19108
MBR00362,Timothy,Mendoza,timothy.mendoza@example.com,1989-02-11,2013-08-23,standard,10010
MBR00363,Maria,Lewis,maria.lewis@example.com,1971-03-17,1996-06-19,standard,19103
MBR00364,Larry,Myers,larry.myers@example.com,1989-06-09,2019-08-29,standard,30307
MBR00365,Anna,Long,anna.long1@example.com,1948-09-25,2014-10-19,basic,77008
MBR00366,Kenneth,Jones,kenneth.jones@example.com,1985-05-07,2006-10-15,basic,90061
MBR00367,Heather,Walker,heather.walker@example.com,1963-10-31,2021-05-16,basic,98107
MBR00368,Lisa,Ward,lisa.ward@example.com,1957-06-29,2004-04-08,basic,85004
MBR00369,Scott,Morgan,scott.morgan1@example.com,1960-02-09,2009-07-08,standard,90031
MBR00370,Sarah,Long,sarah.long@example.com,1981-12-05,1997-08-29,basic,60601
MBR00371,Ashley,Jackson,ashley.jackson@example.com,1973-11-24,2006-02-07,standard,85003
MBR00372,Raymond,Turner,raymond.turner@example.com,1978-08-29,2015-04-11,basic,98104
MBR00373,Angela,Myers,angela.myers@example.com,1969-12-17,2026-03-01,standard,30302
MBR00374,Justin,Smith,justin.smith@example.com,1953-05-11,2015-07-26,standard,98103
MBR00375,Margaret,Diaz,margaret.diaz@example.com,1964-01-03,2017-03-11,basic,60601
MBR00376,Larry,Morales,larry.morales@example.com,1975-11-03,2025-08-13,premium,19103
MBR00377,John,Thomas,john.thomas@example.com,1959-03-05,2014-10-18,basic,60601
MBR00378,Katherine,Hill,katherine.hill@example.com,1959-04-07,2007-04-17,standard,60606
MBR00379,Michael,Gomez,michael.gomez@example.com,1972-05-29,2005-07-03,premium,77004
MBR00380,Kathleen,Martinez,kathleen.martinez@example.com,1956-11-27,2021-08-18,standard,
MBR00381,Rachel,Baker,rachel.baker@example.com,1955-10-27,2013-12-11,standard,90021
MBR00382,Janet,Wilson,janet.wilson@example.com,1954-04-05,2009-01-20,standard,60602
MBR00383,Frank,Gray,frank.gray@example.com,1957-10-26,1998-01-25,premium,19101
MBR00384,Kevin,Castillo,kevin.castillo@example.com,1964-02-12,2023-03-05,basic,19101
MBR00385,Margaret,Lopez,margaret.lopez@example.com,1954-01-06,2001-04-12,standard,98107
MBR00386,George,Moore,george.moore@example.com,1967-03-26,2007-06-04,standard,85005
MBR00387,Heather,Ruiz,heather.ruiz@example.com,1947-05-29,2024-07-14,standard,77001
MBR00388,Catherine,Gomez,catherine.gomez@example.com,1971-07-08,2023-12-26,basic,19108
MBR00389,Deborah,Anderson,deborah.anderson@example.com,1966-08-18,2017-05-30,premium,10002
MBR00390,Brian,Green,brian.green@example.com,1956-11-03,2012-05-08,standard,60607
MBR00391,Maria,Stewart,maria.stewart@example.com,1951-07-20,1995-10-01,premium,10036
MBR00392,Ronald,Cook,ronald.cook@example.com,1970-09-14,2023-03-13,basic,98104
MBR00393,David,Brooks,david.brooks@example.com,1993-02-20,2019-02-12,standard,77003
MBR00394,Karen,Morgan,karen.morgan@example.com,1974-04-25,2012-07-11,basic,90001
MBR00395,Donna,Hughes,donna.hughes@example.com,1984-04-01,2005-09-14,premium,19103
MBR00396,Brandon,Cox,brandon.cox@example.com,1949-12-09,2008-11-15,standard,10002
MBR00397,Patrick,Moore,patrick.moore@example.com,1946-01-07,2002-05-08,standard,85002
MBR00398,Lisa,Mitchell,lisa.mitchell@example.com,1956-05-22,2007-01-21,premium,30303
MBR00399,Jason,Wright,jason.wright@example.com,1991-12-31,1997-11-12,basic,19108
MBR00400,Ryan,Rogers,ryan.rogers@example.com,1977-04-23,1997-06-27,standard,85001
MBR00401,Jerry,Wilson,jerry.wilson@example.com,1996-06-27,2025-03-28,standard,10019
MBR00402,Mary,Young,mary.young@example.com,1949-02-15,2016-02-29,basic,10016
MBR00403,Stephen,Alvarez,stephen.alvarez@example.com,1982-08-16,2005-01-26,standard,85003
MBR00404,Barbara,Kelly,barbara.kelly@example.com,1978-06-13,2000-05-10,basic,10019
MBR00405,Stephanie,Rodriguez,stephanie.rodriguez@example.com,1986-09-23,2007-08-31,standard,19103
MBR00406,Mary,Mitchell,mary.mitchell@example.com,1963-01-02,2008-01-30,standard,19104
MBR00407,Melissa,Ramos,melissa.ramos@example.com,1989-04-06,2003-10-07,standard,60604
MBR00408,James,Evans,james.evans1@example.com,1947-02-23,2005-06-14,standard,10002
MBR00409,Joshua,Smith,joshua.smith@example.com,1978-10-04,2008-10-17,standard,19107
MBR00410,Linda,Jackson,linda.jackson@example.com,1970-02-08,1999-03-05,,98105
MBR00411,Rachel,Mitchell,rachel.mitchell@example.com,1986-02-17,1998-10-23,standard,98103
MBR00412,Barbara,Ramos,barbara.ramos@example.com,1995-12-11,1997-10-17,basic,85002
MBR00413,George,Gomez,george.gomez@example.com,1974-04-09,2009-04-08,standard,60602
MBR00414,Heather,Foster,heather.foster@example.com,1997-06-16,1999-11-21,premium,98105
MBR00415,Jessica,Morgan,jessica.morgan@example.com,1977-02-22,2004-04-24,standard,90021
MBR00416,Christopher,Mendoza,christopher.mendoza@example.com,1972-04-17,2026-04-05,standard,60603
MBR00417,Elizabeth,Alvarez,elizabeth.alvarez@example.com,1967-04-09,2010-12-16,premium,60607
MBR00418,Patricia,Phillips,patricia.phillips@example.com,1985-07-27,2019-12-09,standard,60602
MBR00419,Jessica,Johnson,jessica.johnson@example.com,1950-07-14,2004-12-20,basic,90011
MBR00420,Justin,Ramos,justin.ramos@example.com,1968-03-22,1998-05-13,,19101
MBR00421,Thomas,Lopez,thomas.lopez@example.com,1974-09-30,2000-06-30,,60606
MBR00422,Pamela,Parker,pamela.parker@example.com,1980-06-09,2017-04-03,,60607
MBR00423,Amanda,Ramirez,amanda.ramirez@example.com,1961-10-16,2007-05-03,basic,77008
MBR00424,Frank,Nguyen,frank.nguyen@example.com,1989-10-04,2013-06-25,standard,98102
MBR00425,Sarah,Turner,sarah.turner@example.com,1962-11-23,2023-10-30,standard,10003
MBR00426,Edward,Alvarez,edward.alvarez@example.com,1977-03-21,2016-07-08,standard,30302
MBR00427,Deborah,Wright,deborah.wright@example.com,1961-02-18,1996-03-03,standard,85004
MBR00428,Linda,Stewart,linda.stewart@example.com,1992-07-01,2011-01-13,basic,90031
MBR00429,Ashley,James,ashley.james@example.com,1966-08-21,2006-12-15,basic,77005
MBR00430,Pamela,Roberts,pamela.roberts2@example.com,1976-10-31,2002-10-17,standard,30306
MBR00431,Emma,Brown,emma.brown@example.com,1976-07-20,2020-06-18,standard,19108
MBR00432,Anna,Flores,anna.flores@example.com,1960-10-01,2016-12-31,,77005
MBR00433,John,Ortiz,john.ortiz@example.com,1987-11-19,1995-01-12,standard,30304
MBR00434,Carolyn,Thompson,carolyn.thompson@example.com,1974-01-12,1997-09-02,,60603
MBR00435,Heather,Anderson,heather.anderson@example.com,1992-03-20,2011-05-15,standard,98103
MBR00436,Emma,Gonzalez,emma.gonzalez@example.com,1975-03-13,2008-07-15,basic,98108
MBR00437,Samantha,Morales,samantha.morales@example.com,1973-06-19,2002-10-25,standard,30306
MBR00438,Mark,Bennett,mark.bennett@example.com,1997-11-02,2002-11-12,standard,60607
MBR00439,Janet,Smith,janet.smith@example.com,1996-05-23,2012-07-25,basic,60608
MBR00440,Nicole,Green,nicole.green@example.com,1999-11-07,2004-11-28,premium,30303
MBR00441,Catherine,Martinez,catherine.martinez@example.com,1966-05-09,2010-07-23,premium,90021
MBR00442,Patrick,Bennett,patrick.bennett@example.com,1975-02-14,2015-01-13,,90001
MBR00443,Kevin,Allen,kevin.allen@example.com,1954-09-11,1995-01-21,,98106
MBR00444,Lisa,Evans,lisa.evans@example.com,1989-03-28,2011-12-27,standard,77005
MBR00445,Christopher,Edwards,christopher.edwards@example.com,1951-08-13,1996-07-01,standard,90002
MBR00446,Carol,Perez,carol.perez@example.com,1978-09-08,2002-03-21,standard,90021
MBR00447,Carol,Kim,carol.kim@example.com,2000-01-20,2016-08-27,standard,98108
MBR00448,Christopher,Miller,christopher.miller@example.com,1954-02-01,2009-11-07,premium,85002
MBR00449,Gregory,Torres,gregory.torres@example.com,1971-09-07,2005-08-27,standard,19107
MBR00450,Karen,Miller,karen.miller@example.com,1977-05-16,1995-03-04,standard,19106
MBR00451,Betty,Gonzalez,betty.gonzalez@example.com,1947-04-24,2004-04-13,standard,90051
MBR00452,Donna,Gomez,donna.gomez@example.com,1987-04-02,2016-12-09,standard,98102
MBR00453,Nancy,Mitchell,nancy.mitchell@example.com,1979-03-23,2011-07-28,premium,85002
MBR00454,Mark,Wright,mark.wright@example.com,1995-08-16,1997-10-06,standard,30305
MBR00455,Anna,Evans,anna.evans@example.com,1997-11-28,2005-03-16,basic,98106
MBR00456,Jonathan,Mendoza,jonathan.mendoza@example.com,1987-08-08,2020-09-09,standard,10016
MBR00457,Nicholas,Kelly,nicholas.kelly@example.com,1991-05-15,2020-08-20,standard,19102
MBR00458,Daniel,Perez,daniel.perez@example.com,1964-01-05,2003-08-24,standard,98108
MBR00459,Betty,Watson,betty.watson@example.com,1958-04-08,2021-09-10,basic,90001
MBR00460,Elizabeth,Roberts,elizabeth.roberts@example.com,1994-11-30,2012-10-28,basic,10002
MBR00461,Rachel,Richardson,rachel.richardson@example.com,1997-09-18,2018-06-10,premium,90031
MBR00462,Susan,Reed,susan.reed@example.com,1954-01-23,2007-11-01,basic,85002
MBR00463,Deborah,Wood,deborah.wood@example.com,1988-07-25,2020-08-29,premium,60603
MBR00464,Helen,Cox,helen.cox@example.com,1981-01-15,1996-09-27,basic,10022
MBR00465,Catherine,Stewart,catherine.stewart1@example.com,1969-02-04,2011-09-16,,85007
MBR00466,Donna,Scott,donna.scott@example.com,1989-02-08,2026-03-25,basic,85007
MBR00467,Catherine,Cruz,catherine.cruz@example.com,1973-10-15,2007-02-01,standard,19101
MBR00468,Margaret,Evans,margaret.evans@example.com,1988-06-18,2018-03-03,basic,60605
MBR00469,William,Flores,william.flores@example.com,1990-06-20,2013-02-04,basic,10010
MBR00470,Daniel,Harris,daniel.harris@example.com,1963-01-04,1997-08-02,standard,77002
MBR00471,Kimberly,Mitchell,kimberly.mitchell@example.com,1986-08-25,2017-08-28,basic,77007
MBR00472,Melissa,Morales,melissa.morales@example.com,1998-04-18,2015-01-04,basic,30305
MBR00473,Kevin,Lee,kevin.lee@example.com,1968-03-16,2025-11-25,premium,77004
MBR00474,Mark,Chavez,mark.chavez@example.com,1965-03-13,2025-05-26,standard,10002
MBR00475,Jacob,Taylor,jacob.taylor@example.com,1960-07-16,2021-12-19,standard,85008
MBR00476,Carolyn,Price,carolyn.price1@example.com,1969-09-15,2014-01-04,basic,77004
MBR00477,Cynthia,Hill,cynthia.hill@example.com,1991-09-17,2022-12-22,premium,30308
MBR00478,Brenda,Chavez,brenda.chavez@example.com,1998-04-09,2022-04-27,standard,30304
MBR00479,Kimberly,Brooks,kimberly.brooks1@example.com,1974-03-04,2007-06-03,standard,85007
MBR00480,Matthew,Martin,matthew.martin@example.com,1991-05-30,2005-10-12,basic,98104
MBR00481,Gregory,Green,gregory.green@example.com,1957-07-22,1996-02-22,basic,98106
MBR00482,Stephanie,Roberts,stephanie.roberts@example.com,1948-03-03,2021-02-25,standard,77005
MBR00483,Debra,Morgan,debra.morgan@example.com,1987-09-06,2025-02-19,standard,60608
MBR00484,Emily,Gonzalez,emily.gonzalez@example.com,1987-03-28,2000-09-27,standard,60608
MBR00485,Debra,Nelson,debra.nelson@example.com,1953-01-05,2004-12-20,standard,30303
MBR00486,Melissa,King,melissa.king@example.com,1997-07-14,2008-03-10,premium,90002
MBR00487,Jacob,Harris,jacob.harris@example.com,1989-11-25,2000-05-17,standard,10022
MBR00488,Karen,Moore,karen.moore@example.com,1962-12-21,2010-05-16,standard,19103
MBR00489,Charles,Green,charles.green@example.com,1961-03-07,1998-08-17,standard,10036
MBR00490,James,Edwards,james.edwards@example.com,1969-07-16,2004-05-23,premium,19107
MBR00491,Maria,Jimenez,maria.jimenez@example.com,1952-11-24,2000-10-21,standard,19106
MBR00492,Deborah,Smith,deborah.smith@example.com,1948-05-21,2018-12-11,standard,
MBR00493,Michelle,Long,michelle.long@example.com,1992-08-22,2003-07-20,,
MBR00494,Janet,Young,janet.young@example.com,1965-04-20,2026-02-09,standard,85008
MBR00495,Lisa,Rodriguez,lisa.rodriguez@example.com,1949-02-07,2008-05-17,standard,30304
MBR00496,Sharon,Mendoza,sharon.mendoza@example.com,1957-01-02,2010-05-17,standard,60606
MBR00497,Stephanie,Williams,stephanie.williams@example.com,1965-06-29,2005-01-23,premium,60606
MBR00498,Jessica,Campbell,jessica.campbell@example.com,1948-05-09,2011-10-31,standard,10022
MBR00499,Scott,Miller,scott.miller@example.com,1954-09-13,2024-04-26,premium,19101
MBR00500,Edward,Thomas,edward.thomas@example.com,1994-02-06,2006-05-03,premium,10002
